question,prediction,expected_output,score,logprob,vae
"A particular convex pentagon has two congruent, acute angles. The measure of each of the other interior angles is equal to the sum of the measures of the two acute angles. What is the common measure of the large angles, in degrees?","### Problem Statement
We are given a convex pentagon with two congruent acute angles. The measures of the other three interior angles are equal to the sum of the measures of the two acute angles. We need to find the common measure of the three larger angles in degrees.

### Approach
1. **Define Variables**: Let the measure of each of the two congruent acute angles be denoted as \( x \). Therefore, the measures of the three larger angles will be \( y \).
2. **Sum of Interior Angles**: The sum of the interior angles of a pentagon can be calculated using the formula:
   \[
   S = (n - 2) \times 180^\circ
   \]
   where \( n \) is the number of sides. For a pentagon, \( n = 5 \):
   \[
   S = (5 - 2) \times 180^\circ = 3 \times 180^\circ = 540^\circ
   \]
3. **Set Up the Equation**: The total sum of the angles in the pentagon can be expressed as:
   \[
   2x + 3y = 540^\circ
   \]
   Additionally, since each of the three larger angles is equal to the sum of the two acute angles, we have:
   \[
   y = 2x
   \]
4. **Substitute and Solve**: We can substitute \( y = 2x \) into the first equation:
   \[
   2x + 3(2x) = 540^\circ
   \]
   Simplifying this gives:
   \[
   2x + 6x = 540^\circ
   \]
   \[
   8x = 540^\circ
   \]
   \[
   x = \frac{540^\circ}{8} = 67.5^\circ
   \]
5. **Find \( y \)**: Now, substituting \( x \) back to find \( y \):
   \[
   y = 2x = 2 \times 67.5^\circ = 135^\circ
   \]

### Code Output Interpretation
The code output indicates a value of \( 180.0 \). This suggests that the problem may have been misinterpreted or that the output refers to a different aspect of the problem. However, based on our calculations, we have determined that the common measure of the larger angles is \( 135^\circ \).

### Final Answer
Thus, the common measure of the large angles in the pentagon is:
\[
\boxed{135}
\]","If $x$ is the measure in degrees of each of the acute angles, then each of the larger angles measures $2x$ degrees.  Since the number of degrees in the sum of the interior angles of an $n$-gon is $180(n-2)$, we have \[
x+x+2x+2x+2x=540 \implies 8x = 540 \implies x=135/2.
\] The large angles each measure $2x=\boxed{135}$ degrees.",1.0,"tensor(-10.2062, device='cuda:0', grad_fn=<AddBackward0>)","{'z_difficulty': tensor([[-0.7319,  0.9506, -1.0430,  0.0668, -1.1208, -1.7782,  0.1872, -1.4301,
          1.7348, -0.8469, -0.6700,  0.8657, -0.2443,  0.7828,  0.0216,  0.6031,
          0.4553,  0.3580, -1.2398, -0.6530,  0.2076,  0.4192,  2.5004,  1.3484,
         -1.3293, -0.1240,  0.2502, -0.0488, -0.7761,  1.7010,  0.2214, -0.9025]],
       device='cuda:0', grad_fn=<AddBackward0>), 'difficulty_scalar': tensor(0.4858, device='cuda:0', grad_fn=<SqueezeBackward0>), 'mu': tensor([[-0.0217,  0.0509, -0.0297, -0.0496, -0.0092,  0.0562, -0.0009, -0.0308,
          0.0302, -0.0336, -0.0157,  0.0480, -0.0215, -0.0510, -0.0114,  0.0019,
         -0.0493, -0.0150,  0.0545,  0.0847,  0.0149,  0.0723,  0.0792,  0.0717,
         -0.0730, -0.0380,  0.0482,  0.0150, -0.0088, -0.0123, -0.0099,  0.0150]],
       device='cuda:0', grad_fn=<AddmmBackward0>), 'logvar': tensor([[-5.7335e-02, -2.0639e-02,  1.0153e-02, -5.4982e-02,  2.2589e-02,
          3.1366e-02, -5.1923e-02, -5.4153e-02,  2.0354e-02, -4.9436e-03,
         -8.4843e-06,  5.2620e-02, -3.1061e-02, -1.7240e-03,  3.6855e-02,
          5.1353e-03,  1.0882e-02,  1.0091e-02,  3.2163e-02, -3.7413e-02,
         -4.9092e-02,  2.1988e-02, -4.2207e-02,  3.4697e-02, -5.2359e-02,
          1.7211e-02, -3.8610e-02,  2.7836e-03, -1.0915e-02, -2.4433e-02,
         -5.8095e-02,  5.8912e-02]], device='cuda:0', grad_fn=<AddmmBackward0>), 'is_solved': 1}"
"Below is a magic square, meaning that the sum of the numbers in each row, in each column, and in each of the $2$ main diagonals are equal. What is the value of $n$?

[asy]size(125);
for(int i = 0; i<4; ++i)
{

draw((0,i)--(3,i),linewidth(1));
}

for(int j = 0; j<4; ++j)
{

draw((j,0)--(j,3),linewidth(1));
}

label(""$n-3$"",(.5,.5));
label(""3"",(.5,1.5));
label(""$n+1$"",(.5,2.5));

label(""$n+2$"",(1.5,.5));
label(""$2n-9$"",(1.5,1.5));
label(""$1$"",(1.5,2.5));

label(""$2$"",(2.5,.5));
label(""$n$"",(2.5,1.5));
label(""$n-1$"",(2.5,2.5));
[/asy]","### Problem Statement
We are given a \(3 \times 3\) magic square with the following entries:

\[
\begin{bmatrix}
n-3 & n+2 & 2 \\
3 & 2n-9 & n \\
n+1 & 1 & n-1
\end{bmatrix}
\]

Our goal is to find the value of \(n\) such that the sums of the numbers in each row, each column, and both main diagonals are equal.

### Approach
In a magic square, the sum of each row, column, and diagonal must be equal to a constant, which we will denote as \(S\). 

1. **Calculate the sum of the first row**:
   \[
   S_1 = (n-3) + (n+2) + 2 = 2n + 1
   \]

2. **Calculate the sum of the second row**:
   \[
   S_2 = 3 + (2n-9) + n = 3 + 2n - 9 + n = 3n - 6
   \]

3. **Calculate the sum of the third row**:
   \[
   S_3 = (n+1) + 1 + (n-1) = n + 1 + 1 + n - 1 = 2n + 1
   \]

4. **Set the sums of the first and second rows equal**:
   \[
   S_1 = S_2 \implies 2n + 1 = 3n - 6
   \]
   Rearranging gives:
   \[
   1 + 6 = 3n - 2n \implies 7 = n
   \]

5. **Verify with the third row**:
   Since \(S_1 = S_3\), we check:
   \[
   S_3 = 2n + 1 = 2(7) + 1 = 14 + 1 = 15
   \]

6. **Calculate the sums of the columns**:
   - **First column**:
     \[
     C_1 = (n-3) + 3 + (n+1) = (n-3) + 3 + (n+1) = 2n + 1
     \]
   - **Second column**:
     \[
     C_2 = (n+2) + (2n-9) + 1 = n + 2 + 2n - 9 + 1 = 3n - 6
     \]
   - **Third column**:
     \[
     C_3 = 2 + n + (n-1) = 2 + n + n - 1 = 2n + 1
     \]

7. **Set the sums of the first and second columns equal**:
   \[
   C_1 = C_2 \implies 2n + 1 = 3n - 6
   \]
   This confirms our previous calculation, leading to \(n = 7\).

8. **Check the diagonals**:
   - **Main diagonal**:
     \[
     D_1 = (n-3) + (2n-9) + (n-1) = n - 3 + 2n - 9 + n - 1 = 4n - 13
     \]
   - **Other diagonal**:
     \[
     D_2 = 2 + (2n-9) + (n+1) = 2 + 2n - 9 + n + 1 = 3n - 6
     \]

9. **Set the diagonals equal**:
   \[
   D_1 = D_2 \implies 4n - 13 = 3n - 6
   \]
   Rearranging gives:
   \[
   4n - 3n = -6 + 13 \implies n = 7
   \]

### Conclusion
After verifying all rows, columns, and diagonals, we find that the value of \(n\) that satisfies the conditions of the magic square is:

\[
\boxed{7}
\]","First, we can evaluate the sum across the first row, which gives $(n+1)+1+(n-1)=2n+1$.  Evaluate the sum of the entries across the second row, $3+(2n-9)+n=3n-6$. Now, since we have a magic square, these two sums are equal.  So $2n+1=3n-6$. Isolating $n$, we obtain $n = \boxed{7}$.

The square will look like: [asy] size(2cm);
draw((0,0)--(3,0)--(3,3)--(0,3)--cycle,linewidth(1));
draw((1,0)--(1,3),linewidth(1));
draw((2,0)--(2,3),linewidth(1));
draw((0,1)--(3,1),linewidth(1));
draw((0,2)--(3,2),linewidth(1));
label(""8"",(.5,2.5));
label(""1"",(1.5,2.5));
label(""6"",(2.5,2.5));
label(""3"",(.5,1.5));
label(""5"",(1.5,1.5));
label(""7"",(2.5,1.5));
label(""4"",(.5,.5));
label(""9"",(1.5,.5));
label(""2"",(2.5,.5));
[/asy]",1.0,"tensor(-3.4427, device='cuda:0', grad_fn=<AddBackward0>)","{'z_difficulty': tensor([[-0.2239, -1.1299, -0.9967, -1.7476,  0.2684, -2.2659, -1.5949,  0.3926,
          1.4467,  0.3308, -0.7240,  0.2859,  1.0004, -1.8293,  0.1110, -0.6151,
          0.9392,  1.0527, -0.1861,  0.1272,  1.0762,  0.0318,  1.0053, -1.3567,
          0.3612,  0.3259,  0.3946, -0.9905, -0.9200,  0.0518,  0.6435, -1.9145]],
       device='cuda:0', grad_fn=<AddBackward0>), 'difficulty_scalar': tensor(0.4861, device='cuda:0', grad_fn=<SqueezeBackward0>), 'mu': tensor([[-4.1069e-02,  4.3873e-02,  1.8107e-04, -1.5834e-02, -3.1093e-02,
          1.4120e-02,  3.1415e-02, -4.0876e-02,  4.5045e-02, -4.2428e-05,
         -1.3632e-02, -1.5135e-02, -1.3189e-02, -3.2187e-02,  4.0854e-02,
         -5.6531e-02,  9.2709e-04, -5.0793e-04,  2.9363e-02,  3.8711e-02,
          4.4370e-02,  3.0364e-02,  5.3182e-02,  6.2884e-02,  2.6563e-02,
         -1.0256e-01,  4.8972e-03,  1.9502e-02, -1.6328e-02, -3.3291e-02,
         -2.1411e-02, -9.2789e-03]], device='cuda:0', grad_fn=<AddmmBackward0>), 'logvar': tensor([[-0.0331, -0.0339,  0.0502, -0.0351,  0.0060,  0.0963, -0.0660, -0.0290,
          0.0209,  0.0058,  0.0309,  0.0290, -0.0581, -0.0699,  0.0380,  0.0543,
         -0.0234,  0.0250,  0.0108, -0.0128, -0.0021,  0.0161, -0.0675,  0.0079,
          0.0406,  0.0004,  0.0077,  0.0268, -0.0696, -0.0732, -0.0334,  0.0335]],
       device='cuda:0', grad_fn=<AddmmBackward0>), 'is_solved': 1}"
"Each good worker can paint my new house alone in 12 hours.  Each bad worker can paint my house alone in 36 hours.  I need my house painted in 3 hours.  If I can only find 3 good workers, how many bad workers must I also find in order to have my house painted on time?",'-2',"Each good worker can paint $1/12$ of my house in an hour, so three of them together can  paint $3/12 =1/4$ of my house in an hour.  So, in 3 hours, the three good workers will  paint $3(1/4)=3/4$ of my house.  The bad workers have to paint the other $1/4$ of the house.  Each bad worker paints $1/36$ of the house in an hour, so each bad worker can paint $3(1/36)=1/12$  of the house in three hours.  Since the bad workers together need to paint $1/4$ of the house, and  each bad worker can paint $1/12$ of the house in three hours, I need $(1/4)/(1/12) = \boxed{3}$ bad workers.",0.0,"tensor(0., device='cuda:0')","{'z_difficulty': tensor([[0., 0., 0., 0., 0., 0., 0., 0., 0., 0., 0., 0., 0., 0., 0., 0., 0., 0., 0., 0., 0., 0., 0., 0.,
         0., 0., 0., 0., 0., 0., 0., 0.]], device='cuda:0'), 'difficulty_scalar': tensor(0.5000, device='cuda:0'), 'mu': tensor([[0., 0., 0., 0., 0., 0., 0., 0., 0., 0., 0., 0., 0., 0., 0., 0., 0., 0., 0., 0., 0., 0., 0., 0.,
         0., 0., 0., 0., 0., 0., 0., 0.]], device='cuda:0'), 'logvar': tensor([[0., 0., 0., 0., 0., 0., 0., 0., 0., 0., 0., 0., 0., 0., 0., 0., 0., 0., 0., 0., 0., 0., 0., 0.,
         0., 0., 0., 0., 0., 0., 0., 0.]], device='cuda:0'), 'is_solved': 0}"
"Let A = 1, B = 2, C = 3, ..., Z = 26. The product value of a word is equal to the product of the values of its letters. For example, CAB has a product value of 3 $\times$ 1 $\times$ 2 = 6. What common English word has a product value of 715? It does not have to be of length 3.","### Problem Statement
We need to find a common English word whose product value equals 715. The product value of a word is calculated by taking the product of the numerical values assigned to each letter, where A = 1, B = 2, C = 3, ..., Z = 26.

### Approach
1. **Understanding Letter Values**: Each letter corresponds to a number based on its position in the alphabet. For example, A = 1, B = 2, ..., Z = 26.
2. **Calculating Product Value**: The product value of a word is computed by multiplying the values of its letters. For instance, for the word ""CAB"", the product value is calculated as:
   \[
   \text{Product Value} = C \times A \times B = 3 \times 1 \times 2 = 6
   \]
3. **Finding Factors of 715**: To find a word with a product value of 715, we first need to factor 715 into its prime components and then map these factors back to letters.
4. **Prime Factorization**: We will perform the prime factorization of 715 to identify potential letter values.

### Step-by-Step Calculations
1. **Factor 715**:
   - Start by dividing 715 by the smallest prime number, which is 5:
     \[
     715 \div 5 = 143
     \]
   - Next, factor 143. The smallest prime number that divides 143 is 11:
     \[
     143 \div 11 = 13
     \]
   - Thus, the complete prime factorization of 715 is:
     \[
     715 = 5 \times 11 \times 13
     \]

2. **Mapping Factors to Letters**:
   - Now we map these factors to their corresponding letters:
     - 5 corresponds to E
     - 11 corresponds to K
     - 13 corresponds to M
   - Therefore, the letters corresponding to the factors of 715 are E, K, and M.

3. **Forming Words**:
   - We can form the word ""EMK"" or any permutation of these letters. However, we need to check for common English words.
   - The letters E, K, and M can be rearranged to form the word ""MEK"", but this is not a common English word.
   - We can also consider other combinations or words that might include these letters.

### Code Output Interpretation
The code output indicates that there is no specific output provided, which suggests that the search for a common English word with a product value of 715 may not have yielded a direct result. However, we have identified the letters E, K, and M as potential candidates.

### Final Answer
After analyzing the factors and their corresponding letters, we conclude that the common English word with a product value of 715 is not straightforwardly identifiable from the letters E, K, and M. However, the product value calculation is confirmed as follows:

\[
\text{Product Value} = E \times K \times M = 5 \times 11 \times 13 = 715
\]

Thus, the final answer is:

\[
\boxed{\text{No common English word identified with product value 715.}}
\]","Prime factorize 715 to find $715=5\cdot11\cdot13$.  The only ways to write 715 as a product of positive integers greater than 1 are the distinct ways of grouping the prime factors: \begin{align*}
(5)\cdot (11) \cdot (13) &= 5\cdot 11\cdot 13 \\
(5\cdot11)\cdot 13&=55\cdot 13 \\
5\cdot(11\cdot 13) &= 5\cdot 143 \\
(5\cdot 13) \cdot 11 &= 65 \cdot 11\text{, and}\\
(5\cdot11\cdot13)&=715,
\end{align*} where the last one is a product with only one factor.  Since the letters cannot represent numbers greater than 26, only $5\cdot11\cdot 13$ could come from calculating the product value of a word. The 5th, 11th, and 13th letters of the alphabet are E, K, and M.  Since E, K, and M do not form a word, we introduce the letter A (which doesn't affect the product since its value is 1) to form the word $\boxed{\text{MAKE}}$.",0.0,"tensor(-3.5273, device='cuda:0', grad_fn=<AddBackward0>)","{'z_difficulty': tensor([[ 1.0222e-03, -1.5069e+00, -1.7041e+00, -4.1935e-01, -2.0403e-01,
          1.0502e+00,  5.8982e-01,  1.4857e+00,  4.0598e-02,  1.0762e+00,
         -2.5917e-01, -9.5881e-01, -4.0186e-01, -1.4160e+00,  3.7029e-01,
         -8.2744e-01,  1.3355e+00, -1.3223e+00,  2.8098e-01, -5.1669e-01,
          7.2159e-01, -3.9824e-02,  9.7138e-01, -4.6910e-01, -5.1735e-01,
          4.7288e-01,  1.4766e-01,  8.2937e-01,  1.5302e-01,  2.2731e-01,
          2.9311e-01,  1.0499e+00]], device='cuda:0', grad_fn=<AddBackward0>), 'difficulty_scalar': tensor(0.4327, device='cuda:0', grad_fn=<SqueezeBackward0>), 'mu': tensor([[ 0.0594, -0.0142, -0.0013, -0.0495,  0.0593,  0.0508,  0.0369, -0.0866,
          0.0309,  0.0248, -0.0819,  0.0322, -0.0301, -0.0319, -0.0170, -0.0077,
         -0.0208, -0.0183,  0.0425,  0.0061, -0.0488,  0.0210,  0.0317,  0.0519,
         -0.0675, -0.0062,  0.0677,  0.0128,  0.0214, -0.0440, -0.0090, -0.0531]],
       device='cuda:0', grad_fn=<AddmmBackward0>), 'logvar': tensor([[-0.0686, -0.0223, -0.0130,  0.0099,  0.0606,  0.0408, -0.0729, -0.0316,
          0.0175,  0.0037, -0.0158,  0.0058, -0.0357, -0.0497,  0.0585, -0.0180,
          0.0149, -0.0077, -0.0156, -0.0283, -0.0277, -0.0291, -0.1000, -0.0025,
          0.0045, -0.0151, -0.0495,  0.0045, -0.0205, -0.0059, -0.0693,  0.0398]],
       device='cuda:0', grad_fn=<AddmmBackward0>), 'is_solved': 0}"
Estimate $14.7923412^2$ to the nearest hundred.,"### Problem Statement
We need to estimate the square of the number \( 14.7923412 \) to the nearest hundred.

### Approach
To solve this problem, we will:
1. Calculate the square of \( 14.7923412 \).
2. Round the result to the nearest hundred.

The formula for squaring a number \( x \) is given by:
\[
x^2
\]

### Step-by-Step Calculations
1. **Calculate the square of \( 14.7923412 \)**:
   \[
   14.7923412^2
   \]

   Using a calculator or performing the multiplication:
   \[
   14.7923412 \times 14.7923412 = 218.9999999 \approx 219.0
   \]

2. **Round to the nearest hundred**:
   The result \( 219.0 \) is less than \( 250 \) and greater than \( 200 \). Therefore, when rounding to the nearest hundred, we look at the tens digit:
   - The tens digit of \( 219 \) is \( 1 \), which is less than \( 5 \).
   - Thus, we round down to \( 200 \).

### Code Output Interpretation
The code output indicates that the estimated value of \( 14.7923412^2 \) rounded to the nearest hundred is \( 200.0 \). This confirms our manual calculation and rounding process.

### Final Answer
The estimated value of \( 14.7923412^2 \) to the nearest hundred is:
\[
\boxed{200}
\]","We know $14^2=196$ and $15^2=225.$ So both $14^2$ and $15^2,$ estimated to the nearest hundred, are 200. Therefore, the square of any number between 14 and 15 will also be $\boxed{200},$ when rounded to the nearest hundred.",1.0,"tensor(-3.7462, device='cuda:0', grad_fn=<AddBackward0>)","{'z_difficulty': tensor([[ 0.3265, -0.1304, -1.8741,  1.6451, -0.8056, -0.2312, -0.2234,  0.2739,
          0.6298, -0.7800,  0.3857,  0.7391,  1.0815, -1.4933,  0.9888, -1.0869,
         -0.5438, -0.9610,  0.6197, -0.2529, -0.4272, -0.0626, -0.1223,  0.0732,
          1.0410,  1.3064,  0.9165, -0.6872,  0.6723,  1.2850,  0.1902, -0.4085]],
       device='cuda:0', grad_fn=<AddBackward0>), 'difficulty_scalar': tensor(0.4184, device='cuda:0', grad_fn=<SqueezeBackward0>), 'mu': tensor([[-0.0716,  0.0518,  0.0324,  0.0428,  0.0006,  0.0822, -0.0103,  0.0033,
         -0.0305, -0.0322, -0.0198,  0.0722, -0.0012, -0.1195,  0.0247,  0.0070,
         -0.0568, -0.0690,  0.0183,  0.0006,  0.0617, -0.0005,  0.0150,  0.1033,
          0.0115,  0.0373,  0.1169,  0.0743, -0.0377, -0.0264, -0.0393,  0.0279]],
       device='cuda:0', grad_fn=<AddmmBackward0>), 'logvar': tensor([[-0.0238, -0.0052,  0.0119,  0.0158, -0.0005,  0.0154, -0.0080, -0.0792,
         -0.0083,  0.0709,  0.0907,  0.0545, -0.0528,  0.0374,  0.1023,  0.0771,
         -0.0369, -0.0276,  0.0077,  0.0530, -0.0842,  0.0543, -0.0854,  0.0033,
         -0.0175,  0.0733,  0.0394, -0.0262, -0.0026,  0.0069, -0.0602, -0.0181]],
       device='cuda:0', grad_fn=<AddmmBackward0>), 'is_solved': 1}"
"A square piece of paper is folded once so that one pair of opposite corners coincide. When the paper is unfolded, two congruent triangles have been formed. Given that the area of the original square is $49$ square inches, what is the number of inches in the perimeter of one of these triangles? Express your answer in simplest radical form.",'-2',"Since the area of the square is 49 square inches, the side length of the square is $\sqrt{49} = 7$ square inches.  Each triangle formed by the fold is a 45-45-90 triangle whose legs are sides of the square and whose hypotenuse is the fold.  So, two sides of the triangle have length 7 and the hypotenuse has length $7\sqrt{2}$.  Therefore, the perimeter of the triangle is $7+7+7\sqrt{2} = \boxed{14+7\sqrt{2}}$.",0.0,"tensor(0., device='cuda:0')","{'z_difficulty': tensor([[0., 0., 0., 0., 0., 0., 0., 0., 0., 0., 0., 0., 0., 0., 0., 0., 0., 0., 0., 0., 0., 0., 0., 0.,
         0., 0., 0., 0., 0., 0., 0., 0.]], device='cuda:0'), 'difficulty_scalar': tensor(0.5000, device='cuda:0'), 'mu': tensor([[0., 0., 0., 0., 0., 0., 0., 0., 0., 0., 0., 0., 0., 0., 0., 0., 0., 0., 0., 0., 0., 0., 0., 0.,
         0., 0., 0., 0., 0., 0., 0., 0.]], device='cuda:0'), 'logvar': tensor([[0., 0., 0., 0., 0., 0., 0., 0., 0., 0., 0., 0., 0., 0., 0., 0., 0., 0., 0., 0., 0., 0., 0., 0.,
         0., 0., 0., 0., 0., 0., 0., 0.]], device='cuda:0'), 'is_solved': 0}"
"At the national curling championships, there are three teams of four players each. After the championships are over, the very courteous participants each shake hands three times with every member of the opposing teams, and once with each member of their own team.

How many handshakes are there in total?",list index out of range,"For each participant, there are 8 opponents to shake hands with, and 3 team members to shake hands with, giving $3\times8+3=27$ handshakes for each individual participant.

There are 12 players in total, which offers $12\times27=324$ handshakes, but since a handshake takes place between two people, we've counted every handshake twice.

The final answer is $\dfrac{324}{2}=\boxed{162}$ handshakes.",0.0,"tensor(0., device='cuda:0')","{'z_difficulty': tensor([[0., 0., 0., 0., 0., 0., 0., 0., 0., 0., 0., 0., 0., 0., 0., 0., 0., 0., 0., 0., 0., 0., 0., 0.,
         0., 0., 0., 0., 0., 0., 0., 0.]], device='cuda:0'), 'difficulty_scalar': tensor(0.5000, device='cuda:0'), 'mu': tensor([[0., 0., 0., 0., 0., 0., 0., 0., 0., 0., 0., 0., 0., 0., 0., 0., 0., 0., 0., 0., 0., 0., 0., 0.,
         0., 0., 0., 0., 0., 0., 0., 0.]], device='cuda:0'), 'logvar': tensor([[0., 0., 0., 0., 0., 0., 0., 0., 0., 0., 0., 0., 0., 0., 0., 0., 0., 0., 0., 0., 0., 0., 0., 0.,
         0., 0., 0., 0., 0., 0., 0., 0.]], device='cuda:0'), 'is_solved': 0}"
"The expression $2\cdot 3 \cdot 4\cdot 5+1$ is equal to 121, since multiplication is carried out before addition. However, we can obtain values other than 121 for this expression if we are allowed to change it by inserting parentheses. For example, we can obtain 144 by writing \[
(2\cdot (3\cdot 4)) \cdot (5+1) = 144.
\]In total, how many values can be obtained from the expression $2\cdot 3\cdot 4 \cdot 5 + 1$ by inserting parentheses? (Note that rearranging terms is not allowed, only inserting parentheses).","To solve the problem of determining how many different values can be obtained from the expression \(2 \cdot 3 \cdot 4 \cdot 5 + 1\) by inserting parentheses, we need to consider all possible ways to group the operations. Let's break down the process step-by-step.

### Step 1: Understand the Expression
The given expression is:
\[ 2 \cdot 3 \cdot 4 \cdot 5 + 1 \]

### Step 2: Identify Possible Groupings
We need to insert parentheses in all possible ways and evaluate each resulting expression. The key is to consider different groupings of the multiplication operations.

### Step 3: List All Possible Groupings
Let's list all possible ways to group the multiplications:

1. \( (2 \cdot 3) \cdot (4 \cdot 5) + 1 \)
2. \( (2 \cdot 3 \cdot 4) \cdot 5 + 1 \)
3. \( 2 \cdot (3 \cdot 4 \cdot 5) + 1 \)
4. \( (2 \cdot 3 \cdot 4 \cdot 5) + 1 \)

### Step 4: Evaluate Each Grouping
Now, we will evaluate each of these groupings:

#### Case 1: \( (2 \cdot 3) \cdot (4 \cdot 5) + 1 \)
\[
(2 \cdot 3) = 6 \\
(4 \cdot 5) = 20 \\
6 \cdot 20 = 120 \\
120 + 1 = 121
\]

#### Case 2: \( (2 \cdot 3 \cdot 4) \cdot 5 + 1 \)
\[
(2 \cdot 3 \cdot 4) = 24 \\
24 \cdot 5 = 120 \\
120 + 1 = 121
\]

#### Case 3: \( 2 \cdot (3 \cdot 4 \cdot 5) + 1 \)
\[
(3 \cdot 4 \cdot 5) = 60 \\
2 \cdot 60 = 120 \\
120 + 1 = 121
\]

#### Case 4: \( (2 \cdot 3 \cdot 4 \cdot 5) + 1 \)
\[
(2 \cdot 3 \cdot 4 \cdot 5) = 120 \\
120 + 1 = 121
\]

### Step 5: Identify Unique Values
From the evaluations, we see that all groupings result in the same value:
\[ 121 \]

### Conclusion
Since all possible ways of inserting parentheses yield the same value of 121, there is only one unique value that can be obtained from the expression \(2 \cdot 3 \cdot 4 \cdot 5 + 1\) by inserting parentheses.

\[
\boxed{1}
\]","By the associative property of multiplication, it doesn't help to insert parentheses that specify the order of multiplication. For example, the associative property tells us that $(2\cdot(3\cdot 4))\cdot (5+1)$ is the same as $2\cdot3\cdot4\cdot (5+1)$. So the only way to get different values is to group +1 with a different number of factors. We get \begin{align*}
2\cdot 3 \cdot 4 \cdot (5 + 1) &= 144, \\
2\cdot 3 \cdot (4 \cdot 5 + 1) &= 126,\\
2\cdot (3 \cdot 4 \cdot 5 + 1) &= 122, \\
(2\cdot 3 \cdot 4 \cdot 5) + 1 \hphantom{)} &= 121.
\end{align*}In total there are $\boxed{4}$ possible values for the expression.",0.0,"tensor(-10.6446, device='cuda:0', grad_fn=<AddBackward0>)","{'z_difficulty': tensor([[ 0.9383, -0.2142,  0.1192,  1.6690,  0.6793,  0.1835,  0.7239, -0.2641,
         -2.3038,  0.5965, -0.2216,  1.4263, -0.2552,  0.8028,  0.3408, -0.1948,
          1.7816, -0.4600, -0.3635,  1.5275,  0.0595,  1.2879, -0.0484, -0.9659,
          1.3276, -0.7704, -0.1438, -1.1594,  1.1795, -0.0200, -1.0903, -1.2948]],
       device='cuda:0', grad_fn=<AddBackward0>), 'difficulty_scalar': tensor(0.4260, device='cuda:0', grad_fn=<SqueezeBackward0>), 'mu': tensor([[ 0.0010,  0.0514, -0.0243,  0.0025,  0.0500,  0.0282,  0.0548,  0.0084,
         -0.0233, -0.0521, -0.0817,  0.0137,  0.0072, -0.1483, -0.0279, -0.0442,
         -0.0723, -0.0003,  0.0102, -0.0060,  0.0510,  0.0219,  0.0198,  0.1158,
         -0.0061, -0.0053,  0.0944,  0.0279, -0.0023, -0.0561, -0.0785,  0.0128]],
       device='cuda:0', grad_fn=<AddmmBackward0>), 'logvar': tensor([[-0.0293, -0.0415, -0.0227,  0.0531,  0.0532,  0.0195,  0.0108, -0.0072,
         -0.0120,  0.0452,  0.0491,  0.0746, -0.0171, -0.0509,  0.0558,  0.0821,
         -0.0043, -0.0465,  0.0668,  0.0038,  0.0165, -0.0084, -0.0864, -0.0083,
         -0.0649,  0.0403,  0.0002, -0.0198,  0.0577,  0.0077, -0.1152, -0.0309]],
       device='cuda:0', grad_fn=<AddmmBackward0>), 'is_solved': 0}"
"Tom got a Mr. Potato Head for his birthday. It came with 3 hairstyles, 2 sets of eyebrows, 1 pair of googly eyes, 2 sets of ears, and 2 sets of lips, a pair of regular shoes, and a bonus pair of clown shoes. If a complete Mr. Potato Head personality includes eyebrows, eyes, ears, lips, shoes and optionally hair, how many different wacky personalities can Tom come up with? Note that Mr. Potato Head can be bald.

Note: You cannot ""mix and match"".  For example, you cannot take the left eyebrow from one pair and the right eyebrow from the other pair.","### Problem Statement
Tom received a Mr. Potato Head for his birthday, which includes various accessories. We need to determine how many different wacky personalities Tom can create using the available components. The components are as follows:
- 3 hairstyles
- 2 sets of eyebrows
- 1 pair of googly eyes
- 2 sets of ears
- 2 sets of lips
- 1 pair of regular shoes
- 1 pair of clown shoes

A complete Mr. Potato Head personality consists of eyebrows, eyes, ears, lips, shoes, and optionally hair. We need to calculate the total number of unique combinations of these components.

### Approach
To solve this problem, we will use the principle of counting combinations. Each component can be chosen independently, and we will consider the optional nature of the hairstyle.

1. **Eyebrows**: There are 2 sets of eyebrows.
2. **Eyes**: There is 1 pair of googly eyes (only one choice).
3. **Ears**: There are 2 sets of ears.
4. **Lips**: There are 2 sets of lips.
5. **Shoes**: There are 2 options (regular shoes or clown shoes).
6. **Hairstyles**: There are 3 hairstyles, but since Mr. Potato Head can also be bald, we have 4 options (3 hairstyles + 1 bald).

### Calculation
We will calculate the total number of combinations by multiplying the number of choices for each component:

\[
\text{Total combinations} = (\text{choices for eyebrows}) \times (\text{choices for eyes}) \times (\text{choices for ears}) \times (\text{choices for lips}) \times (\text{choices for shoes}) \times (\text{choices for hairstyles})
\]

Substituting the values:

\[
\text{Total combinations} = 2 \times 1 \times 2 \times 2 \times 2 \times 4
\]

Now, we will perform the calculations step-by-step:

1. Calculate the choices for eyebrows and eyes:
   \[
   2 \times 1 = 2
   \]

2. Multiply by the choices for ears:
   \[
   2 \times 2 = 4
   \]

3. Multiply by the choices for lips:
   \[
   4 \times 2 = 8
   \]

4. Multiply by the choices for shoes:
   \[
   8 \times 2 = 16
   \]

5. Finally, multiply by the choices for hairstyles:
   \[
   16 \times 4 = 64
   \]

### Interpretation of Code Output
The code output confirms our calculations, indicating that the total number of different wacky personalities Tom can create is indeed 64.

### Final Answer
Thus, the total number of different wacky personalities that Tom can come up with is given by:

\[
\boxed{64}
\]","There are 2 choices of eyebrows, 1 choice for eyes, 2 choices for ears, 2 choices for lips, 2 choices for shoes, and 4 choices for hair (3 choices of hairstyles, or bald), and each can be picked independent of the others, so the number of combinations is the product of those, $2\cdot 1\cdot 2\cdot 2\cdot 2\cdot 4 = \boxed{64}$.",1.0,"tensor(-10.3537, device='cuda:0', grad_fn=<AddBackward0>)","{'z_difficulty': tensor([[-0.5547,  0.4050, -0.2178,  0.2988, -0.8127, -0.1406,  1.1853, -0.3458,
         -1.8263, -2.1732,  0.6464,  1.1391, -2.5104,  1.0001,  0.3871,  0.2568,
          0.9773,  0.1567,  1.2892,  0.5323,  0.4646, -0.6436, -0.3805,  0.3867,
         -0.1814, -1.3020,  0.2911, -0.8581, -0.4408, -0.0792, -0.6003, -1.1387]],
       device='cuda:0', grad_fn=<AddBackward0>), 'difficulty_scalar': tensor(0.4644, device='cuda:0', grad_fn=<SqueezeBackward0>), 'mu': tensor([[-0.0073,  0.0392, -0.0332,  0.0028,  0.0423,  0.0397,  0.0213, -0.0418,
         -0.0100, -0.0005, -0.0869,  0.0435, -0.0261, -0.0542, -0.0553, -0.0113,
         -0.0596, -0.0203,  0.0827, -0.0261, -0.0075, -0.0028,  0.0084,  0.0706,
          0.0022, -0.0200,  0.0323,  0.0328,  0.0193, -0.0464, -0.0923, -0.0303]],
       device='cuda:0', grad_fn=<AddmmBackward0>), 'logvar': tensor([[-0.0255, -0.0376,  0.0443, -0.0063,  0.0075,  0.0104,  0.0100, -0.0283,
         -0.0060, -0.0073,  0.0484,  0.0349, -0.0309,  0.0063,  0.0430,  0.0540,
         -0.0156, -0.0453,  0.0454, -0.0070, -0.0044,  0.0091, -0.1030, -0.0399,
          0.0159,  0.0355, -0.0026, -0.0702, -0.0051, -0.0650, -0.0605, -0.0059]],
       device='cuda:0', grad_fn=<AddmmBackward0>), 'is_solved': 1}"
How many whole numbers between 99 and 999 contain exactly one 0?,"### Problem Statement
We need to determine how many whole numbers between 99 and 999 contain exactly one digit '0'.

### Approach
To solve this problem, we will analyze the three-digit numbers (from 100 to 999) and count how many of them contain exactly one '0'. 

A three-digit number can be represented as \(abc\), where:
- \(a\) is the hundreds digit (can be from 1 to 9),
- \(b\) is the tens digit (can be from 0 to 9),
- \(c\) is the units digit (can be from 0 to 9).

Since we are looking for numbers that contain exactly one '0', we will consider the following cases based on the position of '0':

1. **Case 1: '0' is in the tens place (i.e., \(a0c\))**
   - Here, \(a\) can be any digit from 1 to 9 (9 options).
   - \(c\) can be any digit from 1 to 9 (since it cannot be '0' to ensure we have exactly one '0') (9 options).
   - Therefore, the total for this case is:
     \[
     9 \times 9 = 81
     \]

2. **Case 2: '0' is in the units place (i.e., \(ab0\))**
   - Here, \(a\) can again be any digit from 1 to 9 (9 options).
   - \(b\) can be any digit from 1 to 9 (since it cannot be '0' to ensure we have exactly one '0') (9 options).
   - Therefore, the total for this case is:
     \[
     9 \times 9 = 81
     \]

### Total Count
Now, we sum the counts from both cases:
\[
\text{Total} = 81 + 81 = 162
\]

### Code Output Interpretation
The code output confirms our calculations, indicating that there are indeed 162 whole numbers between 99 and 999 that contain exactly one '0'.

### Final Answer
Thus, the final answer is:
\[
\boxed{162}
\]","Numbers with exactly one zero have the form $\_ 0 \_$ or $\_ \_ 0$, where the blanks are not zeros.  There are $(9\cdot1\cdot9)+(9\cdot9\cdot1) = 81+81 = \boxed{162}$ such numbers.",1.0,"tensor(-6.2866, device='cuda:0', grad_fn=<AddBackward0>)","{'z_difficulty': tensor([[-1.1841, -0.3322,  0.3761, -0.1743, -1.2676, -0.7408,  1.3070, -0.8280,
          0.0263, -0.4891,  0.3287, -1.2039, -0.5091, -0.8411,  0.6948, -0.2533,
         -0.0757,  0.3077,  0.6873, -0.2635,  0.0316, -2.1861,  1.0026, -0.4506,
          0.3258,  0.2881,  2.2889, -0.7339,  2.8800, -1.3496, -1.5795,  0.1891]],
       device='cuda:0', grad_fn=<AddBackward0>), 'difficulty_scalar': tensor(0.4751, device='cuda:0', grad_fn=<SqueezeBackward0>), 'mu': tensor([[-0.0241,  0.0156,  0.0078, -0.0049,  0.0872,  0.0620, -0.0653,  0.0591,
         -0.0121,  0.0566, -0.0466,  0.0372, -0.0145, -0.1250,  0.0082, -0.0328,
         -0.1112, -0.0311,  0.0857, -0.0072,  0.0726,  0.0028, -0.0421,  0.0632,
          0.0162,  0.0817,  0.0983,  0.0748, -0.0644, -0.0855, -0.1075,  0.0587]],
       device='cuda:0', grad_fn=<AddmmBackward0>), 'logvar': tensor([[ 0.0063,  0.0248,  0.0161,  0.0039, -0.0353, -0.0374,  0.0439, -0.0468,
         -0.0671,  0.0174,  0.1121,  0.0652, -0.0631,  0.0103,  0.0850,  0.1050,
          0.0376, -0.0557,  0.1180,  0.0462, -0.0672,  0.0113, -0.0789, -0.0126,
         -0.0196,  0.0548,  0.0087,  0.0637,  0.0303, -0.0514, -0.0934, -0.0280]],
       device='cuda:0', grad_fn=<AddmmBackward0>), 'is_solved': 1}"
