inputs,prediction,expected_output,score,logprob,vae
"
def can_arrange(arr):
    """"""Create a function which returns the largest index of an element which
    is not greater than or equal to the element immediately preceding it. If
    no such element exists then return -1. The given array will not contain
    duplicate values.

    Examples:
    can_arrange([1,2,4,3,5]) = 3
    can_arrange([1,2,3]) = -1
    """"""
","def can_arrange(arr):
    # Initialize the result to -1, assuming no such element exists
    result = -1
    
    # Iterate through the array starting from the first element
    for i in range(1, len(arr)):
        # Check if the current element is not greater than or equal to the previous element
        if arr[i] < arr[i - 1]:
            # Update the result with the current index
            result = i
    
    return result","The solution passed all test cases.
Correct Solution:
def can_arrange(params you should put here):

    ind=-1
    i=1
    while i<len(arr):
      if arr[i]<arr[i-1]:
        ind=i
      i+=1
    return ind
",1.0,"tensor(-6.8760, device='cuda:0', grad_fn=<AddBackward0>)","{'z_difficulty': tensor([[ 1.7021, -0.9972,  0.0481, -0.3582, -0.5147,  1.0580,  1.2461, -0.0235,
          0.6085, -1.2247,  0.5188,  0.2154, -0.3033,  1.6939,  1.5674, -0.4409,
         -1.0034, -0.0130,  0.1983,  1.0825, -0.8151,  0.8051, -0.4325,  0.9277,
          0.0991,  0.3111, -0.7800,  2.2074,  0.1647, -0.4739,  0.6915,  2.9285]],
       device='cuda:0', grad_fn=<AddBackward0>), 'difficulty_scalar': tensor(0.4163, device='cuda:0', grad_fn=<SqueezeBackward0>), 'mu': tensor([[-0.0859, -0.0472,  0.0122,  0.0681,  0.0200,  0.0256,  0.0560, -0.0857,
         -0.0520,  0.0289, -0.0412,  0.0041,  0.0441,  0.0471,  0.0386,  0.0104,
          0.0055, -0.0241, -0.0126, -0.0254, -0.0312, -0.0455,  0.0815,  0.0636,
         -0.0643,  0.0090, -0.0510, -0.0211,  0.0154, -0.0091, -0.0254, -0.0423]],
       device='cuda:0', grad_fn=<AddmmBackward0>), 'logvar': tensor([[-1.5048e-02, -4.5600e-02, -3.1401e-02,  1.7360e-02,  2.6724e-02,
         -4.1912e-02,  5.6905e-02,  2.8624e-02, -1.3856e-02,  2.9034e-02,
          1.8319e-02, -3.1506e-03, -1.1543e-02, -2.2265e-02, -8.3325e-02,
         -2.5043e-02, -5.5848e-02,  4.0246e-02,  3.1004e-03, -2.4668e-02,
         -4.1136e-02,  4.7454e-02,  6.0070e-02,  4.6879e-02, -8.2914e-05,
          1.6837e-02, -5.2108e-02, -3.3194e-02,  7.7150e-03, -2.2121e-02,
         -1.8892e-03,  5.3293e-02]], device='cuda:0', grad_fn=<AddmmBackward0>), 'is_solved': 1}"
"
def max_fill(grid, capacity):
    import math
    """"""
    You are given a rectangular grid of wells. Each row represents a single well,
    and each 1 in a row represents a single unit of water.
    Each well has a corresponding bucket that can be used to extract water from it, 
    and all buckets have the same capacity.
    Your task is to use the buckets to empty the wells.
    Output the number of times you need to lower the buckets.

    Example 1:
        Input: 
            grid : [[0,0,1,0], [0,1,0,0], [1,1,1,1]]
            bucket_capacity : 1
        Output: 6

    Example 2:
        Input: 
            grid : [[0,0,1,1], [0,0,0,0], [1,1,1,1], [0,1,1,1]]
            bucket_capacity : 2
        Output: 5
    
    Example 3:
        Input: 
            grid : [[0,0,0], [0,0,0]]
            bucket_capacity : 5
        Output: 0

    Constraints:
        * all wells have the same length
        * 1 <= grid.length <= 10^2
        * 1 <= grid[:,1].length <= 10^2
        * grid[i][j] -> 0 | 1
        * 1 <= capacity <= 10
    """"""
","def max_fill(grid, capacity):
    import math
    
    # Calculate the total number of times buckets need to be lowered
    num_lowerings = 0
    
    for well in grid:
        water_in_well = sum(well)  # Count the number of 1s in the current well
        if water_in_well > 0:  # If there is any water in the well
            num_lowerings += math.ceil(water_in_well / capacity)
    
    return num_lowerings","The solution passed all test cases.
Correct Solution:
def max_fill(params you should put here):

    return sum([math.ceil(sum(arr)/capacity) for arr in grid])
",1.0,"tensor(-3.4025, device='cuda:0', grad_fn=<AddBackward0>)","{'z_difficulty': tensor([[ 0.7038,  0.8208, -0.0535, -0.7928,  0.2260, -0.3724, -0.2814, -0.0406,
         -0.6915, -0.3850, -0.1753,  0.5781, -1.6407,  0.3883,  0.5999,  0.9096,
         -0.7129, -0.2952,  1.7033,  0.4757, -0.9390,  0.1389,  1.2650, -0.9462,
         -1.3659,  0.6313, -1.0764, -1.4426,  0.6900,  1.0356, -0.4284,  0.0686]],
       device='cuda:0', grad_fn=<AddBackward0>), 'difficulty_scalar': tensor(0.4582, device='cuda:0', grad_fn=<SqueezeBackward0>), 'mu': tensor([[-0.0841,  0.0028,  0.0617,  0.0024, -0.0009,  0.0930,  0.0492, -0.0150,
         -0.0376,  0.0551, -0.0519,  0.0083, -0.0366,  0.0748,  0.0177,  0.0021,
          0.0133,  0.0220, -0.0020, -0.0390, -0.0080, -0.0358,  0.0731,  0.0535,
         -0.0216, -0.0275, -0.0143, -0.0342,  0.0354,  0.0344, -0.1182,  0.0073]],
       device='cuda:0', grad_fn=<AddmmBackward0>), 'logvar': tensor([[-0.0139, -0.0563,  0.0216,  0.0545, -0.0006, -0.0242, -0.0131,  0.0586,
         -0.0576, -0.0344, -0.0095, -0.0610, -0.0260, -0.0186, -0.0108, -0.0802,
         -0.0334,  0.0628,  0.0274, -0.0484, -0.0464,  0.0028,  0.0386,  0.0278,
         -0.0411,  0.0589, -0.0528,  0.0030, -0.0298, -0.0045, -0.0021,  0.0005]],
       device='cuda:0', grad_fn=<AddmmBackward0>), 'is_solved': 1}"
"
def digits(n):
    """"""Given a positive integer n, return the product of the odd digits.
    Return 0 if all digits are even.
    For example:
    digits(1)  == 1
    digits(4)  == 0
    digits(235) == 15
    """"""
","def digits(n):
    """"""Given a positive integer n, return the product of the odd digits.
    Return 0 if all digits are even.
    For example:
    digits(1)  == 1
    digits(4)  == 0
    digits(235) == 15
    """"""
    product = 1
    has_odd = False
    
    while n > 0:
        digit = n % 10
        if digit % 2 != 0:
            product *= digit
            has_odd = True
        n //= 10
    
    return product if has_odd else 0","The solution passed all test cases.
Correct Solution:
def digits(params you should put here):

    product = 1
    odd_count = 0
    for digit in str(n):
        int_digit = int(digit)
        if int_digit%2 == 1:
            product= product*int_digit
            odd_count+=1
    if odd_count ==0:
        return 0
    else:
        return product
",1.0,"tensor(-9.6987, device='cuda:0', grad_fn=<AddBackward0>)","{'z_difficulty': tensor([[-0.1270,  0.3370, -0.6019, -0.6627,  1.6319, -0.7755, -0.3625,  0.2730,
         -0.9652,  1.3104, -0.6578, -0.0411, -0.3642,  1.9368,  0.8961, -0.2654,
          0.4473, -1.1282, -2.5655,  0.2612, -0.1006,  1.6060, -0.4962,  0.5169,
          0.0210,  0.7342, -0.7229,  0.1294, -2.1218, -0.5061, -0.4527,  0.1029]],
       device='cuda:0', grad_fn=<AddBackward0>), 'difficulty_scalar': tensor(0.4764, device='cuda:0', grad_fn=<SqueezeBackward0>), 'mu': tensor([[-0.0317, -0.0119,  0.0368,  0.0766,  0.0115, -0.0382,  0.0449, -0.0515,
         -0.0379,  0.0420, -0.0656, -0.0021, -0.0405,  0.0127,  0.0255,  0.0241,
          0.0261, -0.0247, -0.0349, -0.0239,  0.0498,  0.0136,  0.0520,  0.0275,
          0.0088, -0.0094, -0.0576, -0.0329,  0.0246,  0.0201, -0.0154, -0.1052]],
       device='cuda:0', grad_fn=<AddmmBackward0>), 'logvar': tensor([[-0.0343, -0.0141, -0.0439,  0.0327,  0.0135, -0.0615,  0.0884,  0.0089,
         -0.0112, -0.0137, -0.0213, -0.0161, -0.0392, -0.0022, -0.0188, -0.0354,
          0.0062,  0.0117,  0.0731,  0.0109, -0.0002,  0.0433,  0.0826,  0.0212,
         -0.0762,  0.0559, -0.0480, -0.0680,  0.0357,  0.0151, -0.0287,  0.0667]],
       device='cuda:0', grad_fn=<AddmmBackward0>), 'is_solved': 1}"
"

def fib(n: int):
    """"""Return n-th Fibonacci number.
    >>> fib(10)
    55
    >>> fib(1)
    1
    >>> fib(8)
    21
    """"""
","def fib(n: int) -> int:
    """"""Return n-th Fibonacci number.
    >>> fib(10)
    55
    >>> fib(1)
    1
    >>> fib(8)
    21
    """"""
    if n <= 0:
        raise ValueError(""n must be a positive integer"")
    elif n == 1 or n == 2:
        return 1

    a, b = 1, 1
    for _ in range(2, n):
        a, b = b, a + b
    return b","The solution passed all test cases.
Correct Solution:
def fib(params you should put here):

    if n == 0:
        return 0
    if n == 1:
        return 1
    return fib(n - 1) + fib(n - 2)
",1.0,"tensor(-10.1148, device='cuda:0', grad_fn=<AddBackward0>)","{'z_difficulty': tensor([[-1.3753, -0.8792,  0.6055,  0.7183, -0.3614, -0.3568, -0.7848, -1.0075,
         -1.4605,  1.4664, -0.3328, -0.2452,  1.0766,  1.9069, -0.4030, -1.7631,
          1.0820,  0.3015,  0.0081,  0.8578,  0.1048, -0.7047, -0.0485,  0.4915,
         -1.1768,  0.5727, -0.5207, -0.7207,  0.2424, -1.6197,  1.4067,  0.6781]],
       device='cuda:0', grad_fn=<AddBackward0>), 'difficulty_scalar': tensor(0.4034, device='cuda:0', grad_fn=<SqueezeBackward0>), 'mu': tensor([[-0.0326, -0.1138,  0.0152,  0.0915,  0.0013, -0.0313,  0.0411, -0.0349,
          0.0111,  0.0666, -0.0700, -0.0213, -0.0120,  0.0498,  0.0615,  0.1141,
          0.0192,  0.0252, -0.0640, -0.0596,  0.0325,  0.0081,  0.0586,  0.0526,
         -0.0376,  0.0136, -0.0299, -0.0312,  0.0047,  0.0053, -0.0234, -0.0992]],
       device='cuda:0', grad_fn=<AddmmBackward0>), 'logvar': tensor([[-0.0021, -0.0456, -0.0416,  0.0080, -0.0325, -0.0416,  0.0499, -0.0039,
          0.0017,  0.0318,  0.0398,  0.0090,  0.0073, -0.0160, -0.0514, -0.0146,
         -0.0285,  0.0090,  0.0237, -0.0067, -0.0089,  0.0285,  0.0486,  0.0261,
         -0.0851,  0.0295, -0.0152, -0.0795,  0.0688, -0.0104, -0.0143,  0.0670]],
       device='cuda:0', grad_fn=<AddmmBackward0>), 'is_solved': 1}"
"
def check_dict_case(dict):
    """"""
    Given a dictionary, return True if all keys are strings in lower 
    case or all keys are strings in upper case, else return False.
    The function should return False is the given dictionary is empty.
    Examples:
    check_dict_case({""a"":""apple"", ""b"":""banana""}) should return True.
    check_dict_case({""a"":""apple"", ""A"":""banana"", ""B"":""banana""}) should return False.
    check_dict_case({""a"":""apple"", 8:""banana"", ""a"":""apple""}) should return False.
    check_dict_case({""Name"":""John"", ""Age"":""36"", ""City"":""Houston""}) should return False.
    check_dict_case({""STATE"":""NC"", ""ZIP"":""12345"" }) should return True.
    """"""
","def check_dict_case(d):
    """"""
    Given a dictionary, return True if all keys are strings in lower 
    case or all keys are strings in upper case, else return False.
    The function should return False if the given dictionary is empty.
    
    Examples:
    check_dict_case({""a"":""apple"", ""b"":""banana""}) should return True.
    check_dict_case({""a"":""apple"", ""A"":""banana"", ""B"":""banana""}) should return False.
    check_dict_case({""a"":""apple"", 8:""banana"", ""a"":""apple""}) should return False.
    check_dict_case({""Name"":""John"", ""Age"":""36"", ""City"":""Houston""}) should return False.
    check_dict_case({""STATE"":""NC"", ""ZIP"":""12345"" }) should return True.
    """"""
    if not d:  # Check if the dictionary is empty
        return False
    
    is_lower = True
    is_upper = True
    
    for key in d.keys():
        if not isinstance(key, str):
            return False  # Return False if any key is not a string
        if key.islower():
            is_upper = False
        elif key.isupper():
            is_lower = False
        else:
            return False  # Return False if the key is neither lower nor upper case
    
    return is_lower or is_upper","The solution passed all test cases.
Correct Solution:
def check_dict_case(params you should put here):

    if len(dict.keys()) == 0:
        return False
    else:
        state = ""start""
        for key in dict.keys():

            if isinstance(key, str) == False:
                state = ""mixed""
                break
            if state == ""start"":
                if key.isupper():
                    state = ""upper""
                elif key.islower():
                    state = ""lower""
                else:
                    break
            elif (state == ""upper"" and not key.isupper()) or (state == ""lower"" and not key.islower()):
                    state = ""mixed""
                    break
            else:
                break
        return state == ""upper"" or state == ""lower"" 
",1.0,"tensor(-9.7206, device='cuda:0', grad_fn=<AddBackward0>)","{'z_difficulty': tensor([[ 1.5544, -1.0406, -1.4987,  1.4866,  0.8976, -0.0677, -0.2934,  0.3628,
         -0.5393, -1.4176, -0.2058,  0.0579,  0.3493,  0.2719, -0.4392, -0.7988,
         -1.0579, -0.5456,  0.8503,  1.3664, -1.0729,  0.5556, -0.6192,  1.0577,
          0.5721, -0.3260,  0.7493, -0.8328,  1.8524, -1.0290,  0.3642, -0.5929]],
       device='cuda:0', grad_fn=<AddBackward0>), 'difficulty_scalar': tensor(0.4751, device='cuda:0', grad_fn=<SqueezeBackward0>), 'mu': tensor([[-0.0689, -0.0550, -0.0382, -0.0358, -0.0486,  0.0302, -0.0205, -0.0326,
          0.0423, -0.0349, -0.1350,  0.0224, -0.0827,  0.0190,  0.0361,  0.0439,
          0.0505, -0.0582, -0.0523,  0.0314,  0.0277, -0.0860,  0.1055,  0.1008,
         -0.0021,  0.0305,  0.0798,  0.0250, -0.0031, -0.0027, -0.0303, -0.1138]],
       device='cuda:0', grad_fn=<AddmmBackward0>), 'logvar': tensor([[-0.0431,  0.0076, -0.0556,  0.0565, -0.0071, -0.0588,  0.0749,  0.0044,
         -0.0503, -0.0089,  0.0623, -0.0460,  0.0666, -0.0767, -0.0689, -0.1166,
         -0.0674,  0.0785,  0.0867,  0.0590, -0.0600,  0.0075,  0.0395,  0.0674,
         -0.0188,  0.0942, -0.0485, -0.0146,  0.0549,  0.0220,  0.0161, -0.0136]],
       device='cuda:0', grad_fn=<AddmmBackward0>), 'is_solved': 1}"
"from typing import List


def filter_by_prefix(strings: List[str], prefix: str) -> List[str]:
    """""" Filter an input list of strings only for ones that start with a given prefix.
    >>> filter_by_prefix([], 'a')
    []
    >>> filter_by_prefix(['abc', 'bcd', 'cde', 'array'], 'a')
    ['abc', 'array']
    """"""
","from typing import List
def filter_by_prefix(strings: List[str], prefix: str) -> List[str]:
    """""" Filter an input list of strings only for ones that start with a given prefix.
    
    Args:
        strings (List[str]): The list of strings to be filtered.
        prefix (str): The prefix to filter the strings by.
        
    Returns:
        List[str]: A list of strings from the input list that start with the given prefix.
    """"""
    return [s for s in strings if s.startswith(prefix)]","The solution passed all test cases.
Correct Solution:
def filter_by_prefix(params you should put here):

    return [x for x in strings if x.startswith(prefix)]
",1.0,"tensor(-16.6000, device='cuda:0', grad_fn=<AddBackward0>)","{'z_difficulty': tensor([[-2.7201e+00, -1.0984e+00, -4.9534e-01,  5.5999e-01, -3.3152e-01,
         -3.3524e-01,  8.8546e-04, -5.4888e-02,  9.2114e-01,  3.6288e-01,
         -3.2383e-01,  1.3510e+00, -6.0040e-01, -2.1185e+00,  3.6177e-02,
          8.9155e-01, -7.7824e-01,  9.3832e-01, -5.6537e-01, -1.2109e-01,
          7.8770e-01, -8.1926e-01,  6.8090e-01,  8.5882e-01,  8.3536e-01,
         -1.1006e+00,  1.1160e-01, -2.9530e-02,  4.5155e-01,  5.3298e-01,
          6.8547e-01,  6.1578e-02]], device='cuda:0', grad_fn=<AddBackward0>), 'difficulty_scalar': tensor(0.5358, device='cuda:0', grad_fn=<SqueezeBackward0>), 'mu': tensor([[-0.1071, -0.0590, -0.0324,  0.0036, -0.0014,  0.0677, -0.0158, -0.0393,
          0.0169, -0.0515, -0.0985,  0.0612, -0.0443,  0.0513,  0.0125,  0.0353,
          0.0247, -0.0591, -0.0656,  0.0184, -0.0234, -0.0268,  0.1206,  0.1286,
         -0.0301,  0.0293,  0.0306,  0.0045, -0.0883, -0.0107, -0.0072, -0.0905]],
       device='cuda:0', grad_fn=<AddmmBackward0>), 'logvar': tensor([[-0.0511,  0.0110, -0.0331,  0.0056, -0.0037,  0.0154,  0.0620,  0.0012,
         -0.0558,  0.0623, -0.0017, -0.0022,  0.0923, -0.0196, -0.1405, -0.0887,
         -0.0900,  0.0690,  0.0666,  0.0105, -0.0408,  0.0202,  0.0010,  0.0846,
         -0.0890,  0.1140, -0.0911,  0.0514,  0.0527,  0.0062,  0.0309, -0.0518]],
       device='cuda:0', grad_fn=<AddmmBackward0>), 'is_solved': 1}"
"
def right_angle_triangle(a, b, c):
    '''
    Given the lengths of the three sides of a triangle. Return True if the three
    sides form a right-angled triangle, False otherwise.
    A right-angled triangle is a triangle in which one angle is right angle or 
    90 degree.
    Example:
    right_angle_triangle(3, 4, 5) == True
    right_angle_triangle(1, 2, 3) == False
    '''
","def right_angle_triangle(a: float, b: float, c: float) -> bool:
    '''
    Given the lengths of the three sides of a triangle, return True if the three
    sides form a right-angled triangle, False otherwise.
    
    A right-angled triangle is a triangle in which one angle is a right angle (90 degrees).
    
    Parameters:
    a (float): Length of side a.
    b (float): Length of side b.
    c (float): Length of side c.
    
    Returns:
    bool: True if the sides form a right-angled triangle, False otherwise.
    
    Example:
    right_angle_triangle(3, 4, 5) == True
    right_angle_triangle(1, 2, 3) == False
    '''
    
    # Validate input
    if a <= 0 or b <= 0 or c <= 0:
        return False
    
    # Sort the sides
    sides = sorted([a, b, c])
    
    # Check the Pythagorean theorem
    return sides[0]**2 + sides[1]**2 == sides[2]**2","The solution passed all test cases.
Correct Solution:
def right_angle_triangle(params you should put here):

    return a*a == b*b + c*c or b*b == a*a + c*c or c*c == a*a + b*b
",1.0,"tensor(-16.5724, device='cuda:0', grad_fn=<AddBackward0>)","{'z_difficulty': tensor([[-0.4542,  0.6770, -0.9659, -0.2640,  0.9448,  0.9736,  0.6076, -0.2360,
          0.6275, -1.5372, -1.7022, -0.5871, -0.8378,  1.9302,  1.1382, -0.3822,
         -1.2024,  0.7367,  0.2129,  1.2584,  0.2063,  1.2129,  0.0982,  0.6048,
         -0.1402,  0.1456,  0.7164, -0.3000, -0.3626,  0.1566,  0.4274, -1.2950]],
       device='cuda:0', grad_fn=<AddBackward0>), 'difficulty_scalar': tensor(0.5099, device='cuda:0', grad_fn=<SqueezeBackward0>), 'mu': tensor([[-0.1065, -0.0784, -0.0135,  0.0320, -0.0205,  0.0260, -0.0322, -0.0413,
          0.0301, -0.0302, -0.1381,  0.0464, -0.0396,  0.0569, -0.0534,  0.1233,
          0.0307, -0.1052, -0.0857, -0.0381,  0.0681, -0.0640,  0.1181,  0.0900,
          0.0032,  0.1235,  0.0300,  0.0284, -0.0529, -0.0560,  0.0472, -0.0983]],
       device='cuda:0', grad_fn=<AddmmBackward0>), 'logvar': tensor([[-0.0385, -0.0138, -0.0806,  0.0330, -0.0607, -0.0272,  0.0910, -0.0067,
         -0.0608, -0.0182,  0.0063,  0.0017,  0.0382, -0.0170, -0.0762, -0.1142,
         -0.0387,  0.0417,  0.1126,  0.0484, -0.0225, -0.0578, -0.0415,  0.0951,
         -0.1279,  0.0621, -0.0966, -0.0134,  0.1271,  0.0812,  0.0312,  0.0095]],
       device='cuda:0', grad_fn=<AddmmBackward0>), 'is_solved': 1}"
"

def remove_vowels(text):
    """"""
    remove_vowels is a function that takes string and returns string without vowels.
    >>> remove_vowels('')
    ''
    >>> remove_vowels(""abcdef\nghijklm"")
    'bcdf\nghjklm'
    >>> remove_vowels('abcdef')
    'bcdf'
    >>> remove_vowels('aaaaa')
    ''
    >>> remove_vowels('aaBAA')
    'B'
    >>> remove_vowels('zbcd')
    'zbcd'
    """"""
","def remove_vowels(text):
    """"""
    remove_vowels is a function that takes string and returns string without vowels.
    >>> remove_vowels('')
    ''
    >>> remove_vowels(""abcdef\nghijklm"")
    'bcdf\nghjklm'
    >>> remove_vowels('abcdef')
    'bcdf'
    >>> remove_vowels('aaaaa')
    ''
    >>> remove_vowels('aaBAA')
    'B'
    >>> remove_vowels('zbcd')
    'zbcd'
    """"""
    vowels = 'aeiouAEIOU'  # Define the vowels to remove
    return ''.join(char for char in text if char not in vowels)  # Join characters that are not vowels","The solution passed all test cases.
Correct Solution:
def remove_vowels(params you should put here):

    return """".join([s for s in text if s.lower() not in [""a"", ""e"", ""i"", ""o"", ""u""]])
",1.0,"tensor(-8.9648, device='cuda:0', grad_fn=<AddBackward0>)","{'z_difficulty': tensor([[-0.3133,  0.3979,  0.4755, -0.9480, -1.3327,  0.2878,  1.2678,  0.8914,
         -0.6841, -0.9678,  0.3377, -0.1085,  1.2963, -1.2415,  1.3513,  0.4155,
          1.2954, -0.6985,  1.3702,  0.9886, -0.4707, -0.6137, -0.0668, -1.0002,
         -1.6653,  0.3776, -0.2527,  0.2930,  2.7992, -0.9303,  1.0628,  0.8759]],
       device='cuda:0', grad_fn=<AddBackward0>), 'difficulty_scalar': tensor(0.4457, device='cuda:0', grad_fn=<SqueezeBackward0>), 'mu': tensor([[-0.0893, -0.0501, -0.0013, -0.0054, -0.0133, -0.0314,  0.0125, -0.0647,
          0.0570, -0.0407, -0.0862,  0.0167, -0.0142,  0.0228, -0.0110,  0.0725,
          0.0269, -0.0647, -0.0806, -0.0283,  0.0475, -0.0885,  0.0753,  0.0570,
         -0.0245,  0.0469,  0.0662, -0.0083, -0.0861, -0.0081,  0.0274, -0.0369]],
       device='cuda:0', grad_fn=<AddmmBackward0>), 'logvar': tensor([[-0.0283,  0.0026, -0.0773,  0.0738, -0.0115,  0.0286,  0.0741, -0.0638,
         -0.0475, -0.0363, -0.0438, -0.0301,  0.0306, -0.0210, -0.0303, -0.0490,
         -0.0594,  0.0617,  0.0523, -0.0244, -0.0355,  0.0122,  0.0237,  0.0473,
         -0.1557,  0.1261, -0.0994, -0.0382,  0.0632,  0.0351,  0.0493, -0.0663]],
       device='cuda:0', grad_fn=<AddmmBackward0>), 'is_solved': 1}"
"
def words_string(s):
    """"""
    You will be given a string of words separated by commas or spaces. Your task is
    to split the string into words and return an array of the words.
    
    For example:
    words_string(""Hi, my name is John"") == [""Hi"", ""my"", ""name"", ""is"", ""John""]
    words_string(""One, two, three, four, five, six"") == [""One"", ""two"", ""three"", ""four"", ""five"", ""six""]
    """"""
","import re
def words_string(s):
    """"""
    Given a string of words separated by commas or spaces, split the string into words
    and return a list of the words.
    
    Args:
    s (str): A string containing words separated by commas or spaces.
    
    Returns:
    list: A list of words.
    
    Examples:
    >>> words_string(""Hi, my name is John"")
    ['Hi', 'my', 'name', 'is', 'John']
    
    >>> words_string(""One, two, three, four, five, six"")
    ['One', 'two', 'three', 'four', 'five', 'six']
    """"""
    # Use regular expression to split by commas or spaces
    words = re.split(r'[,\s]+', s.strip())
    
    return words","Error: .
 Solution: import re
def words_string(s):
    """"""
    Given a string of words separated by commas or spaces, split the string into words
    and return a list of the words.
    
    Args:
    s (str): A string containing words separated by commas or spaces.
    
    Returns:
    list: A list of words.
    
    Examples:
    >>> words_string(""Hi, my name is John"")
    ['Hi', 'my', 'name', 'is', 'John']
    
    >>> words_string(""One, two, three, four, five, six"")
    ['One', 'two', 'three', 'four', 'five', 'six']
    """"""
    # Use regular expression to split by commas or spaces
    words = re.split(r'[,\s]+', s.strip())
    
    return words.
 Test: def check(candidate):

    # Check some simple cases
    assert True, ""This prints if this assert fails 1 (good for debugging!)""
    assert candidate(""Hi, my name is John"") == [""Hi"", ""my"", ""name"", ""is"", ""John""]
    assert candidate(""One, two, three, four, five, six"") == [""One"", ""two"", ""three"", ""four"", ""five"", ""six""]
    assert candidate(""Hi, my name"") == [""Hi"", ""my"", ""name""]
    assert candidate(""One,, two, three, four, five, six,"") == [""One"", ""two"", ""three"", ""four"", ""five"", ""six""]

    # Check some edge cases that are easy to work out by hand.
    assert True, ""This prints if this assert fails 2 (also good for debugging!)""
    assert candidate("""") == []
    assert candidate(""ahmed     , gamal"") == [""ahmed"", ""gamal""]


Correct Solution:
def words_string(params you should put here):

    if not s:
        return []

    s_list = []

    for letter in s:
        if letter == ',':
            s_list.append(' ')
        else:
            s_list.append(letter)

    s_list = """".join(s_list)
    return s_list.split()
",0.0,"tensor(-9.1343, device='cuda:0', grad_fn=<AddBackward0>)","{'z_difficulty': tensor([[-0.9417, -0.3036,  0.5140,  0.5888,  1.4733, -0.8172,  0.4165, -0.6543,
         -0.8787, -1.7338, -0.5230,  1.0267, -0.1060,  1.5468, -0.2407,  2.2376,
          0.8884, -1.1606, -1.4007, -1.6989,  0.4921,  0.6635,  1.8060, -0.8968,
          1.8316, -0.3902, -0.3389, -0.3942, -0.4816, -0.2548,  0.4009,  0.3184]],
       device='cuda:0', grad_fn=<AddBackward0>), 'difficulty_scalar': tensor(0.4590, device='cuda:0', grad_fn=<SqueezeBackward0>), 'mu': tensor([[-0.1392, -0.1436,  0.0340,  0.0285, -0.1131,  0.1223, -0.1187, -0.1023,
          0.0024,  0.0183, -0.1383,  0.0219, -0.0957,  0.1261, -0.0632,  0.0498,
          0.1244,  0.0234, -0.0167, -0.0468,  0.0063, -0.1034,  0.1987,  0.0398,
         -0.0447,  0.0402,  0.0759, -0.0091, -0.0074, -0.0692,  0.0643, -0.0634]],
       device='cuda:0', grad_fn=<AddmmBackward0>), 'logvar': tensor([[-0.0916,  0.0686, -0.0808,  0.0046, -0.0611,  0.0200,  0.0195, -0.0361,
          0.0026, -0.0639,  0.0352, -0.1190,  0.1372,  0.0191, -0.1626, -0.0883,
         -0.0414,  0.1012,  0.1253, -0.0200, -0.1044, -0.0601, -0.0583,  0.0009,
         -0.1839,  0.1807, -0.1496,  0.0424,  0.1398,  0.1234,  0.0801, -0.0984]],
       device='cuda:0', grad_fn=<AddmmBackward0>), 'is_solved': 0}"
"
def order_by_points(nums):
    """"""
    Write a function which sorts the given list of integers
    in ascending order according to the sum of their digits.
    Note: if there are several items with similar sum of their digits,
    order them based on their index in original list.

    For example:
    >>> order_by_points([1, 11, -1, -11, -12]) == [-1, -11, 1, -12, 11]
    >>> order_by_points([]) == []
    """"""
","def sum_of_digits(n):
    """"""
    Calculate the sum of the digits of an integer n.
    This function handles both positive and negative integers.
    """"""
    # Use absolute value to ignore the sign for digit sum calculation
    return sum(int(digit) for digit in str(abs(n)))
def order_by_points(nums):
    """"""
    Sort the given list of integers in ascending order according to the sum of their digits.
    If there are several items with similar sum of their digits, order them based on their index
    in the original list.
    
    Args:
    nums (list of int): The list of integers to sort.
    
    Returns:
    list of int: The sorted list of integers.
    
    Examples:
    >>> order_by_points([1, 11, -1, -11, -12]) == [-1, -11, 1, -12, 11]
    >>> order_by_points([]) == []
    """"""
    # Use the sorted function with a custom key
    # The key is a tuple: (sum of digits, original index)
    return sorted(nums, key=lambda x: (sum_of_digits(x), nums.index(x)))","Error: .
 Solution: def sum_of_digits(n):
    """"""
    Calculate the sum of the digits of an integer n.
    This function handles both positive and negative integers.
    """"""
    # Use absolute value to ignore the sign for digit sum calculation
    return sum(int(digit) for digit in str(abs(n)))
def order_by_points(nums):
    """"""
    Sort the given list of integers in ascending order according to the sum of their digits.
    If there are several items with similar sum of their digits, order them based on their index
    in the original list.
    
    Args:
    nums (list of int): The list of integers to sort.
    
    Returns:
    list of int: The sorted list of integers.
    
    Examples:
    >>> order_by_points([1, 11, -1, -11, -12]) == [-1, -11, 1, -12, 11]
    >>> order_by_points([]) == []
    """"""
    # Use the sorted function with a custom key
    # The key is a tuple: (sum of digits, original index)
    return sorted(nums, key=lambda x: (sum_of_digits(x), nums.index(x))).
 Test: def check(candidate):

    # Check some simple cases
    assert candidate([1, 11, -1, -11, -12]) == [-1, -11, 1, -12, 11]
    assert candidate([1234,423,463,145,2,423,423,53,6,37,3457,3,56,0,46]) == [0, 2, 3, 6, 53, 423, 423, 423, 1234, 145, 37, 46, 56, 463, 3457]
    assert candidate([]) == []
    assert candidate([1, -11, -32, 43, 54, -98, 2, -3]) == [-3, -32, -98, -11, 1, 2, 43, 54]
    assert candidate([1,2,3,4,5,6,7,8,9,10,11]) == [1, 10, 2, 11, 3, 4, 5, 6, 7, 8, 9]
    assert candidate([0,6,6,-76,-21,23,4]) == [-76, -21, 0, 4, 23, 6, 6]

    # Check some edge cases that are easy to work out by hand.
    assert True, ""This prints if this assert fails 2 (also good for debugging!)""


Correct Solution:
def order_by_points(params you should put here):

    def digits_sum(n):
        neg = 1
        if n < 0: n, neg = -1 * n, -1 
        n = [int(i) for i in str(n)]
        n[0] = n[0] * neg
        return sum(n)
    return sorted(nums, key=digits_sum)
",0.0,"tensor(-5.9451, device='cuda:0', grad_fn=<AddBackward0>)","{'z_difficulty': tensor([[-0.9148,  0.3389,  0.4003,  0.7488, -0.4381,  0.1260, -0.1660, -1.4535,
          0.1796, -1.0887, -0.4221,  0.5265,  0.9406,  0.6341, -2.4099,  0.1745,
         -0.6146, -0.4612, -0.8727, -0.7817, -1.1336, -0.6958, -0.5885,  1.4499,
         -0.1263,  1.4072,  0.1375,  0.6026, -0.0676,  0.5504, -0.2358, -1.9054]],
       device='cuda:0', grad_fn=<AddBackward0>), 'difficulty_scalar': tensor(0.4064, device='cuda:0', grad_fn=<SqueezeBackward0>), 'mu': tensor([[-0.1703, -0.0806, -0.0650, -0.0614, -0.1627,  0.0979, -0.1248,  0.0538,
          0.0794, -0.0631, -0.1953,  0.1124, -0.1329, -0.0009, -0.1430,  0.1441,
          0.1290, -0.1036, -0.0821, -0.0185,  0.1304, -0.1820,  0.2706,  0.1753,
          0.0500,  0.1382,  0.0615,  0.1443, -0.1003, -0.1341,  0.1243, -0.1587]],
       device='cuda:0', grad_fn=<AddmmBackward0>), 'logvar': tensor([[-0.1260,  0.0873, -0.0749,  0.0949, -0.0635,  0.0546,  0.0403, -0.0594,
         -0.0740,  0.0287, -0.0085, -0.1085,  0.0814, -0.0240, -0.1447, -0.1138,
         -0.1339,  0.1245,  0.1416,  0.0586, -0.1500, -0.1804, -0.0355,  0.0887,
         -0.1116,  0.2288, -0.1661,  0.0629,  0.0905,  0.1149,  0.1140, -0.1050]],
       device='cuda:0', grad_fn=<AddmmBackward0>), 'is_solved': 0}"
"from typing import List


def sort_numbers(numbers: str) -> str:
    """""" Input is a space-delimited string of numberals from 'zero' to 'nine'.
    Valid choices are 'zero', 'one', 'two', 'three', 'four', 'five', 'six', 'seven', 'eight' and 'nine'.
    Return the string with numbers sorted from smallest to largest
    >>> sort_numbers('three one five')
    'one three five'
    """"""
","def sort_numbers(numbers: str) -> str:
    """""" Input is a space-delimited string of numerals from 'zero' to 'nine'.
    Valid choices are 'zero', 'one', 'two', 'three', 'four', 'five', 'six', 'seven', 'eight' and 'nine'.
    Return the string with numbers sorted from smallest to largest
    >>> sort_numbers('three one five')
    'one three five'
    """"""
    # Mapping from string representation to integer
    num_to_int = {
        'zero': 0,
        'one': 1,
        'two': 2,
        'three': 3,
        'four': 4,
        'five': 5,
        'six': 6,
        'seven': 7,
        'eight': 8,
        'nine': 9
    }
    
    # Mapping from integer to string representation
    int_to_num = {v: k for k, v in num_to_int.items()}
    
    # Split the input string into individual number words
    num_words = numbers.split()
    
    # Convert the words to their corresponding integer values
    num_values = [num_to_int[word] for word in num_words]
    
    # Sort the list of integers
    sorted_values = sorted(num_values)
    
    # Convert the sorted integers back to their string representations
    sorted_words = [int_to_num[value] for value in sorted_values]
    
    # Join the sorted string representations into a single space-delimited string
    return ' '.join(sorted_words)","The solution passed all test cases.
Correct Solution:
def sort_numbers(params you should put here):

    value_map = {
        'zero': 0,
        'one': 1,
        'two': 2,
        'three': 3,
        'four': 4,
        'five': 5,
        'six': 6,
        'seven': 7,
        'eight': 8,
        'nine': 9
    }
    return ' '.join(sorted([x for x in numbers.split(' ') if x], key=lambda x: value_map[x]))
",1.0,"tensor(-9.0868, device='cuda:0', grad_fn=<AddBackward0>)","{'z_difficulty': tensor([[-0.9068,  0.3881, -1.0559,  0.5377, -0.3509,  1.1339, -0.3051,  0.8697,
          0.2009,  0.0454,  0.3269,  0.3447, -0.5997,  0.4167, -0.4662,  0.6075,
          1.0319,  0.8526, -0.7014,  0.3366,  1.6532,  0.3581, -0.0451,  0.1342,
         -0.2042,  2.5246,  0.0604,  2.1172, -0.7398,  0.6471,  0.7339,  0.6253]],
       device='cuda:0', grad_fn=<AddBackward0>), 'difficulty_scalar': tensor(0.4422, device='cuda:0', grad_fn=<SqueezeBackward0>), 'mu': tensor([[-0.1897, -0.1136, -0.0509, -0.0289, -0.1267,  0.1681, -0.1181,  0.0575,
          0.0511, -0.0163, -0.1739,  0.1251, -0.1748,  0.0509, -0.0919,  0.1271,
          0.1322, -0.0570, -0.0077, -0.0176,  0.0936, -0.1672,  0.2300,  0.1411,
          0.0144,  0.1416,  0.0882,  0.0912, -0.0539, -0.0792,  0.1204, -0.1604]],
       device='cuda:0', grad_fn=<AddmmBackward0>), 'logvar': tensor([[-0.1680,  0.0872, -0.0575,  0.0909, -0.0401,  0.0247,  0.0531, -0.0469,
         -0.0414, -0.0285, -0.0283, -0.0989,  0.0863, -0.0436, -0.1813, -0.0958,
         -0.0974,  0.1224,  0.1524,  0.0015, -0.1560, -0.1604, -0.0226,  0.0617,
         -0.1248,  0.1986, -0.1387,  0.0651,  0.1326,  0.0994,  0.1146, -0.1171]],
       device='cuda:0', grad_fn=<AddmmBackward0>), 'is_solved': 1}"
"
def add(lst):
    """"""Given a non-empty list of integers lst. add the even elements that are at odd indices..


    Examples:
        add([4, 2, 6, 7]) ==> 2 
    """"""
","def add(lst):
    """"""Given a non-empty list of integers lst, add the even elements that are at odd indices.

    Examples:
        add([4, 2, 6, 7]) ==> 2 
    """"""
    total = 0
    for index, value in enumerate(lst):
        if index % 2 != 0 and value % 2 == 0:
            total += value
    return total","The solution passed all test cases.
Correct Solution:
def add(params you should put here):

    return sum([lst[i] for i in range(1, len(lst), 2) if lst[i]%2 == 0])
",1.0,"tensor(-3.3294, device='cuda:0', grad_fn=<AddBackward0>)","{'z_difficulty': tensor([[-0.7396, -0.3218,  1.6469,  0.3027,  1.6208,  0.8289,  0.4215,  1.0501,
          1.4871,  1.5721, -0.1136, -0.3890,  0.6299,  0.2450, -0.7853,  1.5844,
          0.7648, -0.4080,  0.7783,  0.9208,  1.4782, -0.2956, -0.4580, -0.2466,
         -0.9088, -0.3733,  0.7318,  1.1517, -0.8269,  0.3455,  1.1108, -1.8587]],
       device='cuda:0', grad_fn=<AddBackward0>), 'difficulty_scalar': tensor(0.4816, device='cuda:0', grad_fn=<SqueezeBackward0>), 'mu': tensor([[-0.1873, -0.1075, -0.0737, -0.0562, -0.1555,  0.0804, -0.1700, -0.0249,
          0.0773, -0.0240, -0.1954,  0.0980, -0.1065, -0.0272, -0.1235,  0.1137,
          0.1250, -0.0913, -0.0635, -0.0170,  0.1016, -0.1353,  0.2379,  0.0890,
          0.0949,  0.1223,  0.0435,  0.0544, -0.0363, -0.1384,  0.1874, -0.1613]],
       device='cuda:0', grad_fn=<AddmmBackward0>), 'logvar': tensor([[-0.0912,  0.0737, -0.0777,  0.1230, -0.1414,  0.0526,  0.0904, -0.0714,
         -0.0794, -0.0381,  0.0488, -0.1230,  0.0817, -0.0628, -0.1444, -0.1469,
         -0.0891,  0.1231,  0.1887,  0.0498, -0.1189, -0.1285, -0.0592,  0.0604,
         -0.1940,  0.2401, -0.1820,  0.0347,  0.1483,  0.1188,  0.0924, -0.1040]],
       device='cuda:0', grad_fn=<AddmmBackward0>), 'is_solved': 1}"
"

def string_sequence(n: int) -> str:
    """""" Return a string containing space-delimited numbers starting from 0 upto n inclusive.
    >>> string_sequence(0)
    '0'
    >>> string_sequence(5)
    '0 1 2 3 4 5'
    """"""
","def string_sequence(n: int) -> str:
    """""" Return a string containing space-delimited numbers starting from 0 up to n inclusive.
    >>> string_sequence(0)
    '0'
    >>> string_sequence(5)
    '0 1 2 3 4 5'
    """"""
    return ' '.join(str(i) for i in range(n + 1))","The solution passed all test cases.
Correct Solution:
def string_sequence(params you should put here):

    return ' '.join([str(x) for x in range(n + 1)])
",1.0,"tensor(-6.4588, device='cuda:0', grad_fn=<AddBackward0>)","{'z_difficulty': tensor([[ 0.9401,  0.2528,  1.4236, -0.7802, -0.7650,  0.9314, -0.9400, -1.1643,
         -0.5642, -1.4179,  0.3846,  0.5676,  1.4225, -1.2668, -2.0417,  0.1961,
         -0.4191,  0.8297,  0.6916,  0.2369,  0.2382,  0.0910,  1.8098, -0.0524,
         -0.1457,  1.3962, -0.1260, -0.7683, -0.6196,  0.2287,  1.4034, -0.2613]],
       device='cuda:0', grad_fn=<AddBackward0>), 'difficulty_scalar': tensor(0.3886, device='cuda:0', grad_fn=<SqueezeBackward0>), 'mu': tensor([[-0.2081, -0.2193, -0.0275,  0.0405, -0.1503,  0.1257, -0.1546,  0.0260,
          0.0556, -0.0081, -0.1567,  0.0653, -0.0937,  0.0845, -0.1491,  0.1701,
          0.1057, -0.0619,  0.0111, -0.0763,  0.0690, -0.1576,  0.2679,  0.1049,
         -0.0009,  0.1775,  0.1151,  0.0232, -0.0179, -0.1431,  0.1850, -0.1610]],
       device='cuda:0', grad_fn=<AddmmBackward0>), 'logvar': tensor([[-0.0716,  0.1622, -0.1267,  0.0524, -0.1225,  0.0678,  0.0933, -0.0860,
         -0.0901, -0.1413,  0.0081, -0.2179,  0.1149, -0.0401, -0.2287, -0.1641,
         -0.0369,  0.0980,  0.2233, -0.0164, -0.1297, -0.1777, -0.0933,  0.0788,
         -0.2277,  0.2770, -0.1194, -0.0288,  0.1755,  0.1788,  0.1614, -0.1115]],
       device='cuda:0', grad_fn=<AddmmBackward0>), 'is_solved': 1}"
"
def digitSum(s):
    """"""Task
    Write a function that takes a string as input and returns the sum of the upper characters only'
    ASCII codes.

    Examples:
        digitSum("""") => 0
        digitSum(""abAB"") => 131
        digitSum(""abcCd"") => 67
        digitSum(""helloE"") => 69
        digitSum(""woArBld"") => 131
        digitSum(""aAaaaXa"") => 153
    """"""
","def digitSum(s):
    """"""
    Takes a string and returns the sum of the ASCII codes of all uppercase characters in the string.
    
    Examples:
        digitSum("""") => 0
        digitSum(""abAB"") => 131
        digitSum(""abcCd"") => 67
        digitSum(""helloE"") => 69
        digitSum(""woArBld"") => 131
        digitSum(""aAaaaXa"") => 153
    """"""
    total = 0
    for char in s:
        if char.isupper():
            total += ord(char)
    return total","The solution passed all test cases.
Correct Solution:
def digitSum(params you should put here):

    if s == """": return 0
    return sum(ord(char) if char.isupper() else 0 for char in s)
",1.0,"tensor(-7.0583, device='cuda:0', grad_fn=<AddBackward0>)","{'z_difficulty': tensor([[-1.1902e+00,  6.5351e-01, -1.8455e-01, -8.5397e-01,  2.7651e-01,
         -7.0983e-01, -9.7259e-01, -1.0819e+00, -2.8039e-02,  5.9442e-04,
          1.7741e+00,  6.0200e-01,  9.2429e-01, -1.1909e-01, -5.3345e-01,
         -2.5438e-01, -1.1188e+00, -7.3437e-01, -8.2750e-01,  1.3010e-01,
          2.6384e-02, -4.1526e-01,  1.0925e+00, -1.1552e-01, -9.0850e-01,
         -1.8060e+00,  1.4233e+00,  4.7709e-01,  7.2274e-01, -1.6922e+00,
         -3.2336e-01, -5.7261e-01]], device='cuda:0', grad_fn=<AddBackward0>), 'difficulty_scalar': tensor(0.4415, device='cuda:0', grad_fn=<SqueezeBackward0>), 'mu': tensor([[-0.1794, -0.1867, -0.0383,  0.0464, -0.1310,  0.0659, -0.1204,  0.0011,
          0.0267, -0.0419, -0.1901,  0.0256, -0.0586,  0.0168, -0.1744,  0.1794,
          0.1327, -0.0258, -0.0669, -0.0940,  0.1127, -0.1771,  0.2325,  0.1184,
          0.0164,  0.1365,  0.1252,  0.0013, -0.0239, -0.1655,  0.2153, -0.2164]],
       device='cuda:0', grad_fn=<AddmmBackward0>), 'logvar': tensor([[ 0.0078,  0.1179, -0.1252,  0.0364, -0.1974,  0.0575,  0.1126, -0.1461,
         -0.0755, -0.1166,  0.0267, -0.2358,  0.0842, -0.0570, -0.1481, -0.1799,
         -0.0025,  0.0736,  0.2372, -0.0242, -0.0638, -0.1855, -0.1152,  0.0928,
         -0.2439,  0.2338, -0.1270, -0.0087,  0.1761,  0.1720,  0.1785, -0.1008]],
       device='cuda:0', grad_fn=<AddmmBackward0>), 'is_solved': 1}"
"

def largest_divisor(n: int) -> int:
    """""" For a given number n, find the largest number that divides n evenly, smaller than n
    >>> largest_divisor(15)
    5
    """"""
","def largest_divisor(n: int) -> int:
    """""" For a given number n, find the largest number that divides n evenly, smaller than n.
    
    >>> largest_divisor(15)
    5
    >>> largest_divisor(10)
    5
    >>> largest_divisor(7)
    1
    >>> largest_divisor(1)
    0
    """"""
    if n <= 1:
        return 0  # If n is 1 or less, there are no divisors smaller than n.
    
    for i in range(n - 1, 0, -1):
        if n % i == 0:
            return i","The solution passed all test cases.
Correct Solution:
def largest_divisor(params you should put here):

    for i in reversed(range(n)):
        if n % i == 0:
            return i
",1.0,"tensor(-2.9586, device='cuda:0', grad_fn=<AddBackward0>)","{'z_difficulty': tensor([[-1.4008,  0.1165, -0.3706, -1.2976, -0.1954, -0.4107,  0.5685,  1.8842,
         -0.1485, -0.4794, -1.1045, -0.5824,  0.8116,  2.2284, -0.7839, -0.5875,
          0.4335, -0.3946, -2.0930, -0.5696, -0.2977,  0.6677,  0.0412,  2.1754,
          1.1192,  0.4342, -0.8040,  0.9213, -2.1438,  0.6075,  0.7425, -0.9499]],
       device='cuda:0', grad_fn=<AddBackward0>), 'difficulty_scalar': tensor(0.4411, device='cuda:0', grad_fn=<SqueezeBackward0>), 'mu': tensor([[-0.2117, -0.1798, -0.0576,  0.0151, -0.1470,  0.1211, -0.1169,  0.0953,
          0.1150, -0.0578, -0.1806,  0.1217, -0.1076,  0.0844, -0.1790,  0.2194,
          0.1157, -0.0904, -0.0915, -0.0141,  0.1499, -0.2146,  0.2228,  0.1589,
          0.0507,  0.2258,  0.0657,  0.0906, -0.0999, -0.1458,  0.1036, -0.2178]],
       device='cuda:0', grad_fn=<AddmmBackward0>), 'logvar': tensor([[-0.0618,  0.1194, -0.1440,  0.0627, -0.0856,  0.0592,  0.0552, -0.1190,
         -0.1651, -0.0500,  0.0157, -0.1741,  0.0892,  0.0013, -0.1630, -0.1758,
         -0.1521,  0.1017,  0.1451,  0.0315, -0.1233, -0.1128, -0.0650,  0.0912,
         -0.1461,  0.2294, -0.1132, -0.0026,  0.1094,  0.1604,  0.1120, -0.1278]],
       device='cuda:0', grad_fn=<AddmmBackward0>), 'is_solved': 1}"
"

def get_positive(l: list):
    """"""Return only positive numbers in the list.
    >>> get_positive([-1, 2, -4, 5, 6])
    [2, 5, 6]
    >>> get_positive([5, 3, -5, 2, -3, 3, 9, 0, 123, 1, -10])
    [5, 3, 2, 3, 9, 123, 1]
    """"""
","from typing import List, Union
def get_positive(l: List[Union[int, float]]) -> List[Union[int, float]]:
    """"""Return only positive numbers in the list.
    
    Args:
        l (List[Union[int, float]]): A list of numbers (integers or floats).
    
    Returns:
        List[Union[int, float]]: A list containing only the positive numbers from the input list.
    
    Examples:
    >>> get_positive([-1, 2, -4, 5, 6])
    [2, 5, 6]
    >>> get_positive([5, 3, -5, 2, -3, 3, 9, 0, 123, 1, -10])
    [5, 3, 2, 3, 9, 123, 1]
    >>> get_positive([])  # Edge case: empty list
    []
    >>> get_positive([-1, -2, -3])  # Edge case: all negative
    []
    >>> get_positive([0])  # Edge case: zero
    []
    """"""
    if not isinstance(l, list):
        raise ValueError(""Input must be a list."")
    
    return [x for x in l if isinstance(x, (int, float)) and x > 0]","The solution passed all test cases.
Correct Solution:
def get_positive(params you should put here):

    return [e for e in l if e > 0]
",1.0,"tensor(-4.9751, device='cuda:0', grad_fn=<AddBackward0>)","{'z_difficulty': tensor([[ 0.6146, -0.6513,  0.8906,  1.2683, -0.7706,  0.4278, -0.5512,  0.6775,
          1.1180,  0.4174,  1.7142,  0.3875, -1.0283,  0.4624,  0.6115,  0.1510,
          0.9401,  0.5576, -1.0714, -0.0837, -1.2795, -0.0036,  1.0699,  0.7879,
         -0.0468,  1.0443, -0.2918, -0.8245,  0.2748, -0.0599, -0.4764, -1.6303]],
       device='cuda:0', grad_fn=<AddBackward0>), 'difficulty_scalar': tensor(0.4790, device='cuda:0', grad_fn=<SqueezeBackward0>), 'mu': tensor([[-0.2573, -0.1346,  0.0070,  0.0045, -0.1850,  0.1807, -0.1994,  0.0291,
          0.0633, -0.0445, -0.2070,  0.0885, -0.1317,  0.0512, -0.1396,  0.1377,
          0.0965, -0.0598, -0.0039,  0.0195,  0.0466, -0.2054,  0.3138,  0.0983,
         -0.0346,  0.1376,  0.1399,  0.0046, -0.0451, -0.1237,  0.1721, -0.1742]],
       device='cuda:0', grad_fn=<AddmmBackward0>), 'logvar': tensor([[-0.1217,  0.0991, -0.1150,  0.1259, -0.1078,  0.0863,  0.0608,  0.0096,
         -0.0500, -0.1166,  0.0100, -0.1884,  0.0906, -0.0205, -0.1761, -0.1214,
         -0.0944,  0.1161,  0.2236,  0.1043, -0.1516, -0.2368, -0.0733,  0.0745,
         -0.1666,  0.2454, -0.1301,  0.0217,  0.1026,  0.1269,  0.0930, -0.0950]],
       device='cuda:0', grad_fn=<AddmmBackward0>), 'is_solved': 1}"
"
def is_nested(string):
    '''
    Create a function that takes a string as input which contains only square brackets.
    The function should return True if and only if there is a valid subsequence of brackets 
    where at least one bracket in the subsequence is nested.

    is_nested('[[]]') ➞ True
    is_nested('[]]]]]]][[[[[]') ➞ False
    is_nested('[][]') ➞ False
    is_nested('[]') ➞ False
    is_nested('[[][]]') ➞ True
    is_nested('[[]][[') ➞ True
    '''
","def is_nested(string):
    '''
    Determine if the input string of square brackets contains a valid subsequence
    where at least one bracket is nested.

    Parameters:
    string (str): A string containing only '[' and ']'.

    Returns:
    bool: True if there is a nested structure, False otherwise.
    '''
    
    # Initialize counters for open brackets and a flag for nesting
    open_count = 0
    has_nested = False
    
    for char in string:
        if char == '[':
            open_count += 1
            # If we have at least one open bracket before this one, we have nesting
            if open_count > 1:
                has_nested = True
        elif char == ']':
            # If we encounter a closing bracket, we need to check if it matches an open bracket
            if open_count == 0:
                # More closing brackets than opening ones, invalid sequence
                return False
            open_count -= 1
    
    # After processing, we should have no unmatched opening brackets
    if open_count != 0:
        return False
    
    # Return whether we found any nested structure
    return has_nested","Error: .
 Solution: def is_nested(string):
    '''
    Determine if the input string of square brackets contains a valid subsequence
    where at least one bracket is nested.

    Parameters:
    string (str): A string containing only '[' and ']'.

    Returns:
    bool: True if there is a nested structure, False otherwise.
    '''
    
    # Initialize counters for open brackets and a flag for nesting
    open_count = 0
    has_nested = False
    
    for char in string:
        if char == '[':
            open_count += 1
            # If we have at least one open bracket before this one, we have nesting
            if open_count > 1:
                has_nested = True
        elif char == ']':
            # If we encounter a closing bracket, we need to check if it matches an open bracket
            if open_count == 0:
                # More closing brackets than opening ones, invalid sequence
                return False
            open_count -= 1
    
    # After processing, we should have no unmatched opening brackets
    if open_count != 0:
        return False
    
    # Return whether we found any nested structure
    return has_nested.
 Test: def check(candidate):

    # Check some simple cases
    assert candidate('[[]]') == True, ""This prints if this assert fails 1 (good for debugging!)""
    assert candidate('[]]]]]]][[[[[]') == False
    assert candidate('[][]') == False
    assert candidate(('[]')) == False
    assert candidate('[[[[]]]]') == True
    assert candidate('[]]]]]]]]]]') == False
    assert candidate('[][][[]]') == True
    assert candidate('[[]') == False
    assert candidate('[]]') == False
    assert candidate('[[]][[') == True
    assert candidate('[[][]]') == True

    # Check some edge cases that are easy to work out by hand.
    assert candidate('') == False, ""This prints if this assert fails 2 (also good for debugging!)""
    assert candidate('[[[[[[[[') == False
    assert candidate(']]]]]]]]') == False


Correct Solution:
def is_nested(params you should put here):

    opening_bracket_index = []
    closing_bracket_index = []
    for i in range(len(string)):
        if string[i] == '[':
            opening_bracket_index.append(i)
        else:
            closing_bracket_index.append(i)
    closing_bracket_index.reverse()
    cnt = 0
    i = 0
    l = len(closing_bracket_index)
    for idx in opening_bracket_index:
        if i < l and idx < closing_bracket_index[i]:
            cnt += 1
            i += 1
    return cnt >= 2

    
",0.0,"tensor(-8.4013, device='cuda:0', grad_fn=<AddBackward0>)","{'z_difficulty': tensor([[ 1.6012, -0.7912, -2.0001, -0.1097,  0.8114,  0.9297, -3.2724, -1.0086,
          1.1041,  1.3664, -0.9129, -1.3453, -0.9383,  1.0318,  0.5993, -0.5470,
          0.9923,  0.1279, -1.0248, -0.3398, -0.4855, -1.3666, -0.1373, -1.0141,
         -1.0842, -0.7012,  0.1476, -0.1527,  0.1110,  0.5880,  0.7089, -0.3633]],
       device='cuda:0', grad_fn=<AddBackward0>), 'difficulty_scalar': tensor(0.4440, device='cuda:0', grad_fn=<SqueezeBackward0>), 'mu': tensor([[-0.2962, -0.2477,  0.0155,  0.0668, -0.1738,  0.2466, -0.1814, -0.0367,
          0.0506, -0.0339, -0.2477,  0.0613, -0.1849,  0.1580, -0.1157,  0.1206,
          0.0819,  0.0118,  0.1430,  0.0207, -0.0963, -0.1296,  0.2961,  0.1217,
         -0.0379,  0.0477,  0.1494, -0.0517,  0.0573, -0.1355,  0.2636, -0.0854]],
       device='cuda:0', grad_fn=<AddmmBackward0>), 'logvar': tensor([[-0.1733,  0.0986, -0.2283,  0.1026, -0.1440,  0.1308,  0.0239, -0.1051,
         -0.0305, -0.1429,  0.0236, -0.2285,  0.1755, -0.0221, -0.2374, -0.1012,
         -0.1111,  0.1182,  0.1833,  0.0137, -0.1852, -0.0789, -0.1364, -0.0522,
         -0.2052,  0.2067, -0.1502, -0.0075,  0.1526,  0.1623,  0.2320, -0.1404]],
       device='cuda:0', grad_fn=<AddmmBackward0>), 'is_solved': 0}"
"
def by_length(arr):
    """"""
    Given an array of integers, sort the integers that are between 1 and 9 inclusive,
    reverse the resulting array, and then replace each digit by its corresponding name from
    ""One"", ""Two"", ""Three"", ""Four"", ""Five"", ""Six"", ""Seven"", ""Eight"", ""Nine"".

    For example:
      arr = [2, 1, 1, 4, 5, 8, 2, 3]   
            -> sort arr -> [1, 1, 2, 2, 3, 4, 5, 8] 
            -> reverse arr -> [8, 5, 4, 3, 2, 2, 1, 1]
      return [""Eight"", ""Five"", ""Four"", ""Three"", ""Two"", ""Two"", ""One"", ""One""]
    
      If the array is empty, return an empty array:
      arr = []
      return []
    
      If the array has any strange number ignore it:
      arr = [1, -1 , 55] 
            -> sort arr -> [-1, 1, 55]
            -> reverse arr -> [55, 1, -1]
      return = ['One']
    """"""
","def by_length(arr):
    """"""
    Given an array of integers, sort the integers that are between 1 and 9 inclusive,
    reverse the resulting array, and then replace each digit by its corresponding name from
    ""One"", ""Two"", ""Three"", ""Four"", ""Five"", ""Six"", ""Seven"", ""Eight"", ""Nine"".
    """"""
    
    # Dictionary to map digits to their corresponding names
    digit_to_name = {
        1: ""One"",
        2: ""Two"",
        3: ""Three"",
        4: ""Four"",
        5: ""Five"",
        6: ""Six"",
        7: ""Seven"",
        8: ""Eight"",
        9: ""Nine""
    }
    
    # Filter, sort, and reverse in one step
    filtered_sorted_reversed = sorted((num for num in arr if 1 <= num <= 9), reverse=True)
    
    # Replace each digit with its corresponding name
    result = [digit_to_name[num] for num in filtered_sorted_reversed]
    
    return result","The solution passed all test cases.
Correct Solution:
def by_length(params you should put here):

    dic = {
        1: ""One"",
        2: ""Two"",
        3: ""Three"",
        4: ""Four"",
        5: ""Five"",
        6: ""Six"",
        7: ""Seven"",
        8: ""Eight"",
        9: ""Nine"",
    }
    sorted_arr = sorted(arr, reverse=True)
    new_arr = []
    for var in sorted_arr:
        try:
            new_arr.append(dic[var])
        except:
            pass
    return new_arr
",1.0,"tensor(-7.1653, device='cuda:0', grad_fn=<AddBackward0>)","{'z_difficulty': tensor([[-2.1286e-02,  1.9541e-01, -4.1689e-02,  2.4541e-01, -8.3780e-01,
          5.1312e-02, -2.2326e+00,  4.9877e-01, -1.6323e+00, -1.2753e+00,
          8.9049e-04, -1.1626e+00,  9.0841e-01, -1.2433e+00, -6.5875e-01,
          2.5572e-01,  9.7735e-01,  7.2886e-01,  2.2907e+00,  8.6295e-01,
         -5.6864e-02,  1.5623e+00,  2.0250e+00, -2.4926e-02, -2.7805e-01,
          7.3678e-02,  1.4809e+00,  4.5780e-01, -8.2300e-01, -1.1060e+00,
         -1.1457e+00,  1.7352e-01]], device='cuda:0', grad_fn=<AddBackward0>), 'difficulty_scalar': tensor(0.4457, device='cuda:0', grad_fn=<SqueezeBackward0>), 'mu': tensor([[-3.7422e-01, -1.6367e-01, -1.1930e-01, -2.5363e-02, -2.2611e-01,
          2.5053e-01, -2.2577e-01,  1.0049e-01,  1.3419e-01, -1.6811e-01,
         -3.6388e-01,  1.5259e-01, -1.6749e-01,  7.3632e-02, -1.8517e-01,
          2.3302e-01,  1.5693e-01, -5.0355e-02,  5.6032e-02,  1.3075e-01,
          6.4967e-03, -2.7084e-01,  4.2370e-01,  1.5824e-01, -1.0241e-05,
          1.7145e-01,  1.8062e-01,  5.2649e-02, -1.5280e-02, -2.6717e-01,
          3.0522e-01, -1.9842e-01]], device='cuda:0', grad_fn=<AddmmBackward0>), 'logvar': tensor([[-0.1991,  0.1531, -0.2489,  0.1679, -0.1462,  0.1574,  0.0061, -0.0344,
         -0.0010, -0.0962, -0.0487, -0.1949,  0.1859, -0.0357, -0.2982, -0.1497,
         -0.1325,  0.1470,  0.2315,  0.1084, -0.1989, -0.2847, -0.1536,  0.0820,
         -0.2032,  0.2855, -0.2531,  0.0663,  0.1370,  0.2220,  0.2188, -0.1125]],
       device='cuda:0', grad_fn=<AddmmBackward0>), 'is_solved': 1}"
"
def compare(game,guess):
    """"""I think we all remember that feeling when the result of some long-awaited
    event is finally known. The feelings and thoughts you have at that moment are
    definitely worth noting down and comparing.
    Your task is to determine if a person correctly guessed the results of a number of matches.
    You are given two arrays of scores and guesses of equal length, where each index shows a match. 
    Return an array of the same length denoting how far off each guess was. If they have guessed correctly,
    the value is 0, and if not, the value is the absolute difference between the guess and the score.
    
    
    example:

    compare([1,2,3,4,5,1],[1,2,3,4,2,-2]) -> [0,0,0,0,3,3]
    compare([0,5,0,0,0,4],[4,1,1,0,0,-2]) -> [4,4,1,0,0,6]
    """"""
","def compare(game, guess):
    """"""Compares the actual game scores with the guessed scores and returns the absolute differences.""""""
    return [abs(g - s) for g, s in zip(guess, game)]","The solution passed all test cases.
Correct Solution:
def compare(params you should put here):

    return [abs(x-y) for x,y in zip(game,guess)]
",1.0,"tensor(-4.6245, device='cuda:0', grad_fn=<AddBackward0>)","{'z_difficulty': tensor([[-1.3789, -1.8438,  1.2881, -0.7803,  0.7030, -0.1168,  1.7406,  0.4280,
          0.8586,  1.3390, -0.8207,  0.4371,  0.1593,  1.3120,  0.2025,  1.5260,
          0.2218,  1.2709, -0.0452,  0.0117,  0.7760,  0.3037,  1.6148,  1.0975,
         -0.5613,  0.2257, -1.3080,  0.8632, -0.3467, -0.2380, -0.2626, -1.0347]],
       device='cuda:0', grad_fn=<AddBackward0>), 'difficulty_scalar': tensor(0.4794, device='cuda:0', grad_fn=<SqueezeBackward0>), 'mu': tensor([[-0.2446, -0.1801,  0.0363,  0.0043, -0.0930,  0.1784, -0.0803,  0.0216,
          0.0382, -0.0323, -0.2452,  0.0554, -0.1235,  0.1108, -0.1460,  0.1177,
          0.0236,  0.0051,  0.0521,  0.0441, -0.0338, -0.1774,  0.2848,  0.0657,
          0.0035,  0.0429,  0.1286, -0.0161,  0.0092, -0.1110,  0.1370, -0.1397]],
       device='cuda:0', grad_fn=<AddmmBackward0>), 'logvar': tensor([[-0.1253,  0.1001, -0.1867,  0.1169, -0.0633,  0.0499,  0.0290, -0.0222,
          0.0087, -0.0725,  0.0287, -0.1296,  0.0815, -0.0092, -0.1694, -0.0860,
         -0.0999,  0.0781,  0.1336,  0.0077, -0.1002, -0.1406, -0.1081,  0.1165,
         -0.2180,  0.1523, -0.1807,  0.0367,  0.1079,  0.1628,  0.1365, -0.0700]],
       device='cuda:0', grad_fn=<AddmmBackward0>), 'is_solved': 1}"
"

def count_distinct_characters(string: str) -> int:
    """""" Given a string, find out how many distinct characters (regardless of case) does it consist of
    >>> count_distinct_characters('xyzXYZ')
    3
    >>> count_distinct_characters('Jerry')
    4
    """"""
","def count_distinct_characters(string: str) -> int:
    """""" Given a string, find out how many distinct characters (regardless of case) it consists of.
    
    This function counts only printable characters and ignores case.
    
    >>> count_distinct_characters('xyzXYZ')
    3
    >>> count_distinct_characters('Jerry')
    4
    >>> count_distinct_characters('Hello, World!')
    10
    >>> count_distinct_characters('12345')
    5
    >>> count_distinct_characters(None)
    0
    """"""
    if not isinstance(string, str):
        return 0  # Return 0 for non-string inputs

    # Convert the string to lowercase to make the function case-insensitive
    lower_string = string.lower()
    
    # Use a set to store distinct printable characters
    distinct_chars = {char for char in lower_string if char.isprintable()}

    # Return the number of unique characters
    return len(distinct_chars)","The solution passed all test cases.
Correct Solution:
def count_distinct_characters(params you should put here):

    return len(set(string.lower()))
",1.0,"tensor(-9.8015, device='cuda:0', grad_fn=<AddBackward0>)","{'z_difficulty': tensor([[-1.4392, -0.1435, -1.0751, -0.5260, -0.3594,  1.2622, -1.0361, -0.0432,
         -1.3913, -0.2666,  1.0598, -0.6338,  0.4320,  1.3749, -1.3475,  1.2730,
          0.6704, -0.6484, -1.3499,  0.1840,  1.3911, -0.2191, -1.1141, -0.4393,
          0.1085,  2.2511,  0.4140, -1.1414,  0.2276, -2.2825, -0.5648,  0.7609]],
       device='cuda:0', grad_fn=<AddBackward0>), 'difficulty_scalar': tensor(0.3881, device='cuda:0', grad_fn=<SqueezeBackward0>), 'mu': tensor([[-0.2248, -0.1928, -0.0106,  0.0488, -0.1109,  0.1886, -0.1236, -0.0454,
          0.0395, -0.0042, -0.2226,  0.0330, -0.1275,  0.1390, -0.1121,  0.1078,
          0.0685,  0.0608,  0.0620, -0.0306, -0.0549, -0.0856,  0.2614,  0.0745,
         -0.1091,  0.0780,  0.1033,  0.0115,  0.1205, -0.1588,  0.1769, -0.0974]],
       device='cuda:0', grad_fn=<AddmmBackward0>), 'logvar': tensor([[-0.1465,  0.0813, -0.1837,  0.0202, -0.1808,  0.0966,  0.0337, -0.0966,
          0.0009, -0.1146, -0.0142, -0.2097,  0.1376, -0.0503, -0.2356, -0.0812,
          0.0073,  0.1046,  0.2191, -0.0042, -0.0756, -0.0952, -0.1364,  0.0285,
         -0.2173,  0.1926, -0.1796,  0.0940,  0.1517,  0.1476,  0.2400, -0.0937]],
       device='cuda:0', grad_fn=<AddmmBackward0>), 'is_solved': 1}"
"
def is_multiply_prime(a):
    """"""Write a function that returns true if the given number is the multiplication of 3 prime numbers
    and false otherwise.
    Knowing that (a) is less then 100. 
    Example:
    is_multiply_prime(30) == True
    30 = 2 * 3 * 5
    """"""
","def is_multiply_prime(a):
    """"""Returns true if the given number is the multiplication of 3 prime numbers and false otherwise.""""""
    if a >= 100:
        return False
    
    # List of prime numbers less than 100
    primes = [2, 3, 5, 7, 11, 13, 17, 19, 23, 29, 31, 37, 41, 43, 47, 53, 59, 61, 67, 71, 73, 79, 83, 89, 97]
    
    # Check all combinations of three primes
    for i in range(len(primes)):
        for j in range(i, len(primes)):
            for k in range(j, len(primes)):
                if primes[i] * primes[j] * primes[k] == a:
                    return True
    return False","Error: .
 Solution: def is_multiply_prime(a):
    """"""Returns true if the given number is the multiplication of 3 prime numbers and false otherwise.""""""
    if a >= 100:
        return False
    
    # List of prime numbers less than 100
    primes = [2, 3, 5, 7, 11, 13, 17, 19, 23, 29, 31, 37, 41, 43, 47, 53, 59, 61, 67, 71, 73, 79, 83, 89, 97]
    
    # Check all combinations of three primes
    for i in range(len(primes)):
        for j in range(i, len(primes)):
            for k in range(j, len(primes)):
                if primes[i] * primes[j] * primes[k] == a:
                    return True
    return False.
 Test: def check(candidate):

    assert candidate(5) == False
    assert candidate(30) == True
    assert candidate(8) == True
    assert candidate(10) == False
    assert candidate(125) == True
    assert candidate(3 * 5 * 7) == True
    assert candidate(3 * 6 * 7) == False
    assert candidate(9 * 9 * 9) == False
    assert candidate(11 * 9 * 9) == False
    assert candidate(11 * 13 * 7) == True


Correct Solution:
def is_multiply_prime(params you should put here):

    def is_prime(n):
        for j in range(2,n):
            if n%j == 0:
                return False
        return True

    for i in range(2,101):
        if not is_prime(i): continue
        for j in range(2,101):
            if not is_prime(j): continue
            for k in range(2,101):
                if not is_prime(k): continue
                if i*j*k == a: return True
    return False
",0.0,"tensor(-5.4204, device='cuda:0', grad_fn=<AddBackward0>)","{'z_difficulty': tensor([[ 1.3404, -1.1115, -0.6968,  0.2468, -0.4852, -0.9605,  1.1682, -0.6044,
          0.2229, -0.5311, -0.5309,  0.8487, -0.7144, -1.4011, -0.4843,  2.5947,
          0.0605, -0.5007,  0.7276, -0.2301,  0.9329,  0.1021,  1.5029, -1.4284,
         -1.1908,  1.1052, -1.3954, -1.1643, -0.3354, -0.2790, -0.2506,  1.8735]],
       device='cuda:0', grad_fn=<AddBackward0>), 'difficulty_scalar': tensor(0.4581, device='cuda:0', grad_fn=<SqueezeBackward0>), 'mu': tensor([[-0.3062, -0.2481, -0.0983,  0.0887, -0.1294,  0.2162, -0.1197,  0.0710,
          0.0734, -0.1154, -0.3382,  0.1465, -0.1255,  0.0281, -0.2030,  0.2554,
          0.0587,  0.0229,  0.0794,  0.0230,  0.0323, -0.2388,  0.3268,  0.1538,
          0.0374,  0.0930,  0.1805, -0.0780,  0.0829, -0.2235,  0.2567, -0.2263]],
       device='cuda:0', grad_fn=<AddmmBackward0>), 'logvar': tensor([[-0.1580,  0.0450, -0.2545,  0.1166, -0.2968,  0.0864,  0.0685,  0.0156,
         -0.1200, -0.2343,  0.1094, -0.2648,  0.0935,  0.0010, -0.1646, -0.1214,
         -0.1618,  0.2111,  0.2568,  0.0030, -0.0369, -0.2271, -0.1671,  0.0792,
         -0.2686,  0.2287, -0.1966, -0.0316,  0.1548,  0.2116,  0.1486, -0.0184]],
       device='cuda:0', grad_fn=<AddmmBackward0>), 'is_solved': 0}"
"

def how_many_times(string: str, substring: str) -> int:
    """""" Find how many times a given substring can be found in the original string. Count overlaping cases.
    >>> how_many_times('', 'a')
    0
    >>> how_many_times('aaa', 'a')
    3
    >>> how_many_times('aaaa', 'aa')
    3
    """"""
","def how_many_times(string: str, substring: str) -> int:
    """""" Find how many times a given substring can be found in the original string. Count overlapping cases.
    >>> how_many_times('', 'a')
    0
    >>> how_many_times('aaa', 'a')
    3
    >>> how_many_times('aaaa', 'aa')
    3
    """"""
    if not string or not substring:
        return 0
    
    count = 0
    start = 0
    
    while start <= len(string) - len(substring):
        pos = string.find(substring, start)
        if pos == -1:
            break
        count += 1
        start = pos + 1
    
    return count","The solution passed all test cases.
Correct Solution:
def how_many_times(params you should put here):

    times = 0

    for i in range(len(string) - len(substring) + 1):
        if string[i:i+len(substring)] == substring:
            times += 1

    return times
",1.0,"tensor(-14.1417, device='cuda:0', grad_fn=<AddBackward0>)","{'z_difficulty': tensor([[ 0.4571,  1.2038, -0.6212,  0.2665, -0.4267, -0.2759,  0.9156,  0.4469,
         -0.3914, -0.7751, -1.2761, -0.9302, -1.4768, -0.0177,  0.8154,  0.7549,
          0.2259,  0.7440, -0.0503, -0.0547, -0.4028,  0.1582,  1.0972,  1.2224,
         -1.0703, -0.3271, -0.6313, -0.4445,  0.2136, -0.0588,  0.1502, -1.5549]],
       device='cuda:0', grad_fn=<AddBackward0>), 'difficulty_scalar': tensor(0.5100, device='cuda:0', grad_fn=<SqueezeBackward0>), 'mu': tensor([[-0.3256, -0.2832, -0.0618,  0.0927, -0.1514,  0.2510, -0.1584, -0.0176,
          0.0704, -0.0784, -0.2824,  0.0986, -0.1201,  0.1394, -0.1966,  0.1683,
          0.0642,  0.0994,  0.0699,  0.0086, -0.0666, -0.1000,  0.3465,  0.1435,
         -0.0598,  0.1018,  0.1708, -0.0117,  0.1371, -0.2377,  0.2881, -0.1867]],
       device='cuda:0', grad_fn=<AddmmBackward0>), 'logvar': tensor([[-0.1529,  0.0160, -0.3253,  0.0036, -0.2206,  0.1593, -0.0043, -0.0978,
         -0.0415, -0.0881, -0.0237, -0.2370,  0.1988, -0.0683, -0.3235, -0.1028,
         -0.0114,  0.1341,  0.2040,  0.0232, -0.1818, -0.1653, -0.2269,  0.0163,
         -0.3052,  0.2342, -0.1857,  0.0566,  0.2011,  0.1892,  0.3075, -0.1047]],
       device='cuda:0', grad_fn=<AddmmBackward0>), 'is_solved': 1}"
"from typing import List, Optional


def longest(strings: List[str]) -> Optional[str]:
    """""" Out of list of strings, return the longest one. Return the first one in case of multiple
    strings of the same length. Return None in case the input list is empty.
    >>> longest([])

    >>> longest(['a', 'b', 'c'])
    'a'
    >>> longest(['a', 'bb', 'ccc'])
    'ccc'
    """"""
","from typing import List, Optional
def longest(strings: List[str]) -> Optional[str]:
    """""" Out of list of strings, return the longest one. Return the first one in case of multiple
    strings of the same length. Return None in case the input list is empty.
    
    >>> longest([])
    >>> None
    >>> longest(['a', 'b', 'c'])
    'a'
    >>> longest(['a', 'bb', 'ccc'])
    'ccc'
    """"""
    if not strings:
        return None
    
    longest_string = strings[0]  # Start with the first string as the longest
    for string in strings:
        if len(string) > len(longest_string):
            longest_string = string
            
    return longest_string","The solution passed all test cases.
Correct Solution:
def longest(params you should put here):

    if not strings:
        return None

    maxlen = max(len(x) for x in strings)
    for s in strings:
        if len(s) == maxlen:
            return s
",1.0,"tensor(-8.8950, device='cuda:0', grad_fn=<AddBackward0>)","{'z_difficulty': tensor([[ 0.0899,  1.0697,  0.4331, -1.8632, -2.3756,  1.9178, -0.3297,  0.7981,
         -0.5406,  0.1014,  0.0595, -0.9741, -0.6026,  1.1436,  0.5110,  0.0763,
         -0.8267,  1.8940,  0.2636,  0.0984, -0.0462, -0.5978,  0.8510, -1.8932,
          0.1910, -0.6568,  0.1185, -2.1128,  0.8739,  0.0387, -0.0716, -0.1549]],
       device='cuda:0', grad_fn=<AddBackward0>), 'difficulty_scalar': tensor(0.4678, device='cuda:0', grad_fn=<SqueezeBackward0>), 'mu': tensor([[-0.4086, -0.2707, -0.0252,  0.1568, -0.2548,  0.3756, -0.1300, -0.0614,
          0.0909, -0.1083, -0.2648,  0.0486, -0.1512,  0.1622, -0.1370,  0.1617,
          0.0253,  0.1622,  0.2081,  0.0719, -0.2056, -0.1652,  0.3898,  0.0737,
         -0.1384, -0.0133,  0.2272, -0.1061,  0.1835, -0.1560,  0.3605, -0.0778]],
       device='cuda:0', grad_fn=<AddmmBackward0>), 'logvar': tensor([[-0.2202,  0.0883, -0.3135,  0.0447, -0.1895,  0.1416, -0.0784, -0.0734,
          0.1153, -0.1117, -0.0772, -0.3374,  0.2388,  0.0028, -0.3215, -0.0273,
         -0.0384,  0.1764,  0.1679,  0.0654, -0.2447, -0.2291, -0.1696, -0.0566,
         -0.2806,  0.2445, -0.2509,  0.0577,  0.1871,  0.1760,  0.3033, -0.1078]],
       device='cuda:0', grad_fn=<AddmmBackward0>), 'is_solved': 1}"
"from typing import List, Tuple


def rolling_max(numbers: List[int]) -> List[int]:
    """""" From a given list of integers, generate a list of rolling maximum element found until given moment
    in the sequence.
    >>> rolling_max([1, 2, 3, 2, 3, 4, 2])
    [1, 2, 3, 3, 3, 4, 4]
    """"""
","from typing import List
def rolling_max(numbers: List[int]) -> List[int]:
    """""" From a given list of integers, generate a list of rolling maximum element found until given moment
    in the sequence.
    >>> rolling_max([1, 2, 3, 2, 3, 4, 2])
    [1, 2, 3, 3, 3, 4, 4]
    """"""
    if not numbers:
        return []

    max_so_far = numbers[0]
    result = [max_so_far]

    for number in numbers[1:]:
        max_so_far = max(max_so_far, number)
        result.append(max_so_far)

    return result","The solution passed all test cases.
Correct Solution:
def rolling_max(params you should put here):

    running_max = None
    result = []

    for n in numbers:
        if running_max is None:
            running_max = n
        else:
            running_max = max(running_max, n)

        result.append(running_max)

    return result
",1.0,"tensor(-2.4605, device='cuda:0', grad_fn=<AddBackward0>)","{'z_difficulty': tensor([[ 1.0295, -0.1039, -1.2007, -0.3418, -0.5827,  0.2639, -0.8596,  0.1455,
          1.1610, -0.8783, -0.5088,  0.4201, -2.1109, -0.2844, -0.3456, -1.0651,
          0.4445,  1.9037, -1.0377,  0.6070, -1.3300, -0.1237,  1.1674, -0.3822,
          1.1290,  0.7527, -1.0874,  1.5263,  1.4927, -0.1026, -0.8791,  0.9784]],
       device='cuda:0', grad_fn=<AddBackward0>), 'difficulty_scalar': tensor(0.4426, device='cuda:0', grad_fn=<SqueezeBackward0>), 'mu': tensor([[-0.3842, -0.1915, -0.1247,  0.0797, -0.1630,  0.3419, -0.1064,  0.1529,
          0.1741, -0.1475, -0.3205,  0.1539, -0.0883,  0.0648, -0.1633,  0.2109,
          0.0400,  0.0621,  0.1489,  0.1614, -0.0399, -0.2210,  0.3226,  0.1778,
         -0.0072,  0.0690,  0.2417, -0.0208,  0.0423, -0.1550,  0.2733, -0.2010]],
       device='cuda:0', grad_fn=<AddmmBackward0>), 'logvar': tensor([[-0.1818,  0.1217, -0.2979,  0.1593, -0.1728,  0.1334, -0.0200,  0.0116,
         -0.0009, -0.0578, -0.0346, -0.2772,  0.1547,  0.0245, -0.2165, -0.0751,
         -0.1911,  0.1151,  0.1566,  0.1669, -0.2215, -0.1806, -0.1017,  0.0621,
         -0.1755,  0.2365, -0.2105, -0.0243, -0.0277,  0.1170,  0.2319, -0.0664]],
       device='cuda:0', grad_fn=<AddmmBackward0>), 'is_solved': 1}"
"

def is_prime(n):
    """"""Return true if a given number is prime, and false otherwise.
    >>> is_prime(6)
    False
    >>> is_prime(101)
    True
    >>> is_prime(11)
    True
    >>> is_prime(13441)
    True
    >>> is_prime(61)
    True
    >>> is_prime(4)
    False
    >>> is_prime(1)
    False
    """"""
","def is_prime(n):
    """"""Return true if a given number is prime, and false otherwise.
    >>> is_prime(6)
    False
    >>> is_prime(101)
    True
    >>> is_prime(11)
    True
    >>> is_prime(13441)
    True
    >>> is_prime(61)
    True
    >>> is_prime(4)
    False
    >>> is_prime(1)
    False
    """"""
    if n <= 1:
        return False
    if n <= 3:
        return True
    if n % 2 == 0 or n % 3 == 0:
        return False
    i = 5
    while i * i <= n:
        if n % i == 0 or n % (i + 2) == 0:
            return False
        i += 6
    return True","The solution passed all test cases.
Correct Solution:
def is_prime(params you should put here):

    if n < 2:
        return False
    for k in range(2, n - 1):
        if n % k == 0:
            return False
    return True
",1.0,"tensor(-5.6274, device='cuda:0', grad_fn=<AddBackward0>)","{'z_difficulty': tensor([[ 0.1985, -0.5204, -1.2379, -0.3278, -0.8201,  0.1809,  1.5718, -0.1394,
         -1.5775,  0.7872, -0.3465, -0.3400, -0.4004,  2.3979, -0.1147, -1.4233,
          0.0747,  1.2318,  1.0203, -1.0226,  0.1183,  0.1941,  0.4700,  2.7270,
         -0.1870,  0.8638, -0.1910,  0.5581,  1.8981, -2.9034, -0.6361, -0.3422]],
       device='cuda:0', grad_fn=<AddBackward0>), 'difficulty_scalar': tensor(0.4567, device='cuda:0', grad_fn=<SqueezeBackward0>), 'mu': tensor([[-0.4001, -0.4072, -0.1569,  0.2034, -0.1114,  0.2441, -0.1517,  0.0976,
          0.2077, -0.1535, -0.3824,  0.2254, -0.0711,  0.0721, -0.2337,  0.3167,
          0.0133,  0.0657,  0.1430,  0.0277, -0.0271, -0.1817,  0.3974,  0.2438,
          0.0655,  0.1460,  0.2356, -0.0827,  0.1424, -0.3181,  0.4006, -0.2609]],
       device='cuda:0', grad_fn=<AddmmBackward0>), 'logvar': tensor([[-0.1698,  0.0513, -0.3556,  0.0470, -0.3192,  0.1817,  0.0717, -0.0604,
         -0.1469, -0.2647,  0.0292, -0.3185,  0.1192,  0.0035, -0.2663, -0.1414,
         -0.1403,  0.2317,  0.2610,  0.0144, -0.0942, -0.2166, -0.2310,  0.0542,
         -0.3224,  0.3042, -0.1690, -0.0840,  0.1549,  0.2771,  0.2197, -0.0599]],
       device='cuda:0', grad_fn=<AddmmBackward0>), 'is_solved': 1}"
"
def even_odd_count(num):
    """"""Given an integer. return a tuple that has the number of even and odd digits respectively.

     Example:
        even_odd_count(-12) ==> (1, 1)
        even_odd_count(123) ==> (1, 2)
    """"""
","def even_odd_count(num):
    """"""Given an integer, return a tuple that has the number of even and odd digits respectively.

    Example:
        even_odd_count(-12) ==> (1, 1)
        even_odd_count(123) ==> (1, 2)
    """"""
    num = abs(num)  # Take the absolute value to handle negative numbers
    num_str = str(num)  # Convert the number to a string
    
    even_count = 0
    odd_count = 0
    
    for digit in num_str:
        if int(digit) % 2 == 0:
            even_count += 1
        else:
            odd_count += 1
    
    return (even_count, odd_count)","The solution passed all test cases.
Correct Solution:
def even_odd_count(params you should put here):

    even_count = 0
    odd_count = 0
    for i in str(abs(num)):
        if int(i)%2==0:
            even_count +=1
        else:
            odd_count +=1
    return (even_count, odd_count)
",1.0,"tensor(-6.7825, device='cuda:0', grad_fn=<AddBackward0>)","{'z_difficulty': tensor([[-0.5088, -1.9442, -1.0034,  1.4341,  1.1828,  1.4987,  0.1793, -0.4537,
         -0.4695, -0.9097, -0.7854,  0.6027,  0.0075, -3.0402,  0.8161,  1.2225,
         -0.7069,  0.6499, -0.0132,  0.6903,  1.1282, -1.4827,  0.3833,  1.7088,
          0.8454,  0.8432,  0.8283, -0.4294,  1.2062, -0.7815, -1.1013,  1.3343]],
       device='cuda:0', grad_fn=<AddBackward0>), 'difficulty_scalar': tensor(0.4956, device='cuda:0', grad_fn=<SqueezeBackward0>), 'mu': tensor([[-0.4542, -0.3629, -0.2307,  0.1829, -0.1957,  0.2577, -0.1497,  0.2065,
          0.2501, -0.2519, -0.4016,  0.3048, -0.0109, -0.0988, -0.2695,  0.3161,
         -0.0553,  0.0293,  0.1665,  0.1761, -0.0024, -0.2624,  0.4714,  0.2638,
          0.1041,  0.1684,  0.3306, -0.0852,  0.2090, -0.4228,  0.5021, -0.3847]],
       device='cuda:0', grad_fn=<AddmmBackward0>), 'logvar': tensor([[-0.1741,  0.0388, -0.3630,  0.1742, -0.4177,  0.2803,  0.0621,  0.0670,
         -0.1436, -0.3184, -0.0133, -0.3151,  0.0901, -0.1666, -0.3949, -0.1596,
         -0.1254,  0.2763,  0.3507,  0.1638, -0.2114, -0.4242, -0.2129, -0.0012,
         -0.3256,  0.3748, -0.1967, -0.0633,  0.1726,  0.2314,  0.2526, -0.0017]],
       device='cuda:0', grad_fn=<AddmmBackward0>), 'is_solved': 1}"
"
def count_upper(s):
    """"""
    Given a string s, count the number of uppercase vowels in even indices.
    
    For example:
    count_upper('aBCdEf') returns 1
    count_upper('abcdefg') returns 0
    count_upper('dBBE') returns 0
    """"""
","def count_upper(s):
    """"""
    Given a string s, count the number of uppercase vowels in even indices.
    
    For example:
    count_upper('aBCdEf') returns 1
    count_upper('abcdefg') returns 0
    count_upper('dBBE') returns 0
    """"""
    # Define the set of uppercase vowels
    uppercase_vowels = {'A', 'E', 'I', 'O', 'U'}
    
    # Initialize the counter
    count = 0
    
    # Iterate through the string with index
    for i in range(len(s)):
        # Check if the index is even and the character is an uppercase vowel
        if i % 2 == 0 and s[i] in uppercase_vowels:
            count += 1
    
    return count","The solution passed all test cases.
Correct Solution:
def count_upper(params you should put here):

    count = 0
    for i in range(0,len(s),2):
        if s[i] in ""AEIOU"":
            count += 1
    return count
",1.0,"tensor(-6.4274, device='cuda:0', grad_fn=<AddBackward0>)","{'z_difficulty': tensor([[-0.5600, -0.9748, -0.6807, -0.0282,  0.8620,  0.8116, -1.3002, -1.3512,
          0.7267, -0.1930,  0.7418, -1.7167,  2.1825, -1.5515, -0.4226, -0.1280,
          0.6682,  1.2515,  0.2592, -1.1940, -0.8592, -0.8029,  1.0037, -0.8134,
         -0.5456,  1.9024,  0.3241,  1.0533, -0.6836, -0.7022, -0.8356,  0.2378]],
       device='cuda:0', grad_fn=<AddBackward0>), 'difficulty_scalar': tensor(0.3977, device='cuda:0', grad_fn=<SqueezeBackward0>), 'mu': tensor([[-0.4175, -0.2991, -0.0813,  0.1956, -0.1158,  0.2935, -0.1175,  0.0033,
          0.1084, -0.1053, -0.3341,  0.0920, -0.0850,  0.1044, -0.2275,  0.1600,
         -0.0012,  0.1769,  0.1960,  0.0830, -0.1221, -0.1907,  0.4176,  0.1554,
         -0.1431,  0.0650,  0.3205, -0.1750,  0.2396, -0.3033,  0.3915, -0.1977]],
       device='cuda:0', grad_fn=<AddmmBackward0>), 'logvar': tensor([[-0.2138,  0.0411, -0.3441,  0.0267, -0.2948,  0.2558, -0.0399, -0.0984,
          0.0519, -0.2278, -0.0905, -0.2709,  0.2142, -0.0011, -0.4108, -0.0758,
         -0.0126,  0.1355,  0.2559,  0.0770, -0.1947, -0.1660, -0.2104, -0.0292,
         -0.3357,  0.2561, -0.2624,  0.0566,  0.1830,  0.2262,  0.2936, -0.1057]],
       device='cuda:0', grad_fn=<AddmmBackward0>), 'is_solved': 1}"
"

def correct_bracketing(brackets: str):
    """""" brackets is a string of ""<"" and "">"".
    return True if every opening bracket has a corresponding closing bracket.

    >>> correct_bracketing(""<"")
    False
    >>> correct_bracketing(""<>"")
    True
    >>> correct_bracketing(""<<><>>"")
    True
    >>> correct_bracketing(""><<>"")
    False
    """"""
","def correct_bracketing(brackets: str) -> bool:
    balance = 0
    for char in brackets:
        if char == '<':
            balance += 1
        elif char == '>':
            balance -= 1
        
        # If balance goes negative, we have a closing bracket without a match
        if balance < 0:
            return False
    
    # At the end, balance should be zero for all brackets to be matched
    return balance == 0","The solution passed all test cases.
Correct Solution:
def correct_bracketing(params you should put here):

    depth = 0
    for b in brackets:
        if b == ""<"":
            depth += 1
        else:
            depth -= 1
        if depth < 0:
            return False
    return depth == 0
",1.0,"tensor(-4.2956, device='cuda:0', grad_fn=<AddBackward0>)","{'z_difficulty': tensor([[ 0.0144, -1.9461, -0.0683,  0.4198, -1.4548, -1.0497, -0.0555,  1.1293,
         -0.0884,  0.7068, -0.7909, -0.8623,  0.9356,  1.3265,  0.7985,  1.8957,
          0.2924,  1.3839, -0.3984,  0.1194, -0.5409, -1.1082,  1.7930,  1.5550,
          1.5200, -1.4749, -0.8796, -0.0501, -0.9785,  0.0632,  1.4192, -0.6335]],
       device='cuda:0', grad_fn=<AddBackward0>), 'difficulty_scalar': tensor(0.4787, device='cuda:0', grad_fn=<SqueezeBackward0>), 'mu': tensor([[-0.3884, -0.3687, -0.0795,  0.2362, -0.1282,  0.3335, -0.1020, -0.0122,
          0.0961, -0.1041, -0.2877,  0.1522, -0.0582,  0.1211, -0.1450,  0.1989,
         -0.0655,  0.0748,  0.2302,  0.0972, -0.1966, -0.1010,  0.3334,  0.1010,
         -0.0166,  0.0091,  0.2149, -0.1613,  0.1949, -0.1935,  0.3486, -0.1419]],
       device='cuda:0', grad_fn=<AddmmBackward0>), 'logvar': tensor([[-0.1800, -0.0687, -0.2846,  0.0488, -0.2596,  0.2567, -0.0885,  0.0017,
          0.0139, -0.2197, -0.0457, -0.1953,  0.1803, -0.0157, -0.3338, -0.0673,
         -0.0203,  0.2397,  0.1717,  0.1256, -0.1854, -0.2177, -0.2027, -0.0822,
         -0.2569,  0.1303, -0.1465,  0.0073,  0.2072,  0.1212,  0.2519, -0.0939]],
       device='cuda:0', grad_fn=<AddmmBackward0>), 'is_solved': 1}"
"
def check_if_last_char_is_a_letter(txt):
    '''
    Create a function that returns True if the last character
    of a given string is an alphabetical character and is not
    a part of a word, and False otherwise.
    Note: ""word"" is a group of characters separated by space.

    Examples:
    check_if_last_char_is_a_letter(""apple pie"") ➞ False
    check_if_last_char_is_a_letter(""apple pi e"") ➞ True
    check_if_last_char_is_a_letter(""apple pi e "") ➞ False
    check_if_last_char_is_a_letter("""") ➞ False 
    '''
","def check_if_last_char_is_a_letter(txt):
    '''
    Create a function that returns True if the last character
    of a given string is an alphabetical character and is not
    a part of a word, and False otherwise.
    Note: ""word"" is a group of characters separated by space.

    Examples:
    check_if_last_char_is_a_letter(""apple pie"") ➞ False
    check_if_last_char_is_a_letter(""apple pi e"") ➞ True
    check_if_last_char_is_a_letter(""apple pi e "") ➞ False
    check_if_last_char_is_a_letter("""") ➞ False 
    '''
    
    # Strip any trailing whitespace from the string
    txt = txt.rstrip()
    
    # Check if the string is empty after stripping
    if not txt:
        return False
    
    # Get the last character of the trimmed string
    last_char = txt[-1]
    
    # Check if the last character is an alphabetical character
    if last_char.isalpha():
        # Check if the last character is followed by a space or is the only character
        if len(txt) == 1 or txt[-2] == ' ':
            return True
    
    return False","Error: .
 Solution: def check_if_last_char_is_a_letter(txt):
    '''
    Create a function that returns True if the last character
    of a given string is an alphabetical character and is not
    a part of a word, and False otherwise.
    Note: ""word"" is a group of characters separated by space.

    Examples:
    check_if_last_char_is_a_letter(""apple pie"") ➞ False
    check_if_last_char_is_a_letter(""apple pi e"") ➞ True
    check_if_last_char_is_a_letter(""apple pi e "") ➞ False
    check_if_last_char_is_a_letter("""") ➞ False 
    '''
    
    # Strip any trailing whitespace from the string
    txt = txt.rstrip()
    
    # Check if the string is empty after stripping
    if not txt:
        return False
    
    # Get the last character of the trimmed string
    last_char = txt[-1]
    
    # Check if the last character is an alphabetical character
    if last_char.isalpha():
        # Check if the last character is followed by a space or is the only character
        if len(txt) == 1 or txt[-2] == ' ':
            return True
    
    return False.
 Test: def check(candidate):

    # Check some simple cases
    assert candidate(""apple"") == False
    assert candidate(""apple pi e"") == True
    assert candidate(""eeeee"") == False
    assert candidate(""A"") == True
    assert candidate(""Pumpkin pie "") == False
    assert candidate(""Pumpkin pie 1"") == False
    assert candidate("""") == False
    assert candidate(""eeeee e "") == False
    assert candidate(""apple pie"") == False
    assert candidate(""apple pi e "") == False

    # Check some edge cases that are easy to work out by hand.
    assert True


Correct Solution:
def check_if_last_char_is_a_letter(params you should put here):

 
    check = txt.split(' ')[-1]
    return True if len(check) == 1 and (97 <= ord(check.lower()) <= 122) else False
",0.0,"tensor(-4.6958, device='cuda:0', grad_fn=<AddBackward0>)","{'z_difficulty': tensor([[ 0.3368, -0.0966,  1.1496,  0.6279, -0.6013, -0.5737, -0.6208, -2.1773,
         -0.6413, -0.0946,  0.4885, -0.6723,  0.8888,  0.7891,  0.8079,  1.5328,
         -1.0715,  0.9875, -0.5568, -1.2321, -1.8200,  0.0761,  0.6412,  0.2729,
         -1.0593,  0.8614, -0.2972,  1.6595,  1.5898, -0.0339,  1.3149,  0.2448]],
       device='cuda:0', grad_fn=<AddBackward0>), 'difficulty_scalar': tensor(0.3954, device='cuda:0', grad_fn=<SqueezeBackward0>), 'mu': tensor([[-0.4551, -0.4390, -0.0500,  0.2549, -0.1233,  0.3162, -0.1731, -0.0287,
          0.1302, -0.1447, -0.3177,  0.1589, -0.1099,  0.2126, -0.1718,  0.1678,
         -0.0473,  0.1812,  0.2616,  0.0968, -0.2913, -0.0545,  0.4766,  0.1624,
         -0.2021,  0.0052,  0.2967, -0.2721,  0.2939, -0.2662,  0.4436, -0.1808]],
       device='cuda:0', grad_fn=<AddmmBackward0>), 'logvar': tensor([[-0.2570, -0.0179, -0.3970, -0.1227, -0.3565,  0.2393, -0.1172, -0.0922,
          0.1152, -0.2334, -0.1090, -0.3411,  0.1895,  0.0192, -0.4114, -0.0141,
          0.0422,  0.2376,  0.2345,  0.0089, -0.1484, -0.2547, -0.2038, -0.1485,
         -0.3628,  0.1504, -0.2602,  0.0927,  0.2575,  0.2271,  0.2428, -0.1303]],
       device='cuda:0', grad_fn=<AddmmBackward0>), 'is_solved': 0}"
"
def do_algebra(operator, operand):
    """"""
    Given two lists operator, and operand. The first list has basic algebra operations, and 
    the second list is a list of integers. Use the two given lists to build the algebric 
    expression and return the evaluation of this expression.

    The basic algebra operations:
    Addition ( + ) 
    Subtraction ( - ) 
    Multiplication ( * ) 
    Floor division ( // ) 
    Exponentiation ( ** ) 

    Example:
    operator['+', '*', '-']
    array = [2, 3, 4, 5]
    result = 2 + 3 * 4 - 5
    => result = 9

    Note:
        The length of operator list is equal to the length of operand list minus one.
        Operand is a list of of non-negative integers.
        Operator list has at least one operator, and operand list has at least two operands.

    """"""
","def do_algebra(operator, operand):
    # Combine the operator and operand into a single string expression
    expression = str(operand[0])
    for i in range(len(operator)):
        expression += ' ' + operator[i] + ' ' + str(operand[i+1])
    
    # Evaluate the expression using eval function
    result = eval(expression)
    
    return result
operator = ['+', '*', '-']
array = [2, 3, 4, 5]
result = do_algebra(operator, array)","The solution passed all test cases.
Correct Solution:
def do_algebra(params you should put here):

    expression = str(operand[0])
    for oprt, oprn in zip(operator, operand[1:]):
        expression+= oprt + str(oprn)
    return eval(expression)
",1.0,"tensor(-6.2676, device='cuda:0', grad_fn=<AddBackward0>)","{'z_difficulty': tensor([[ 0.1673,  0.1172,  0.8129, -0.2874, -0.3037,  0.8405,  0.5818, -1.0105,
          0.7309, -0.2618,  0.7945,  0.0210,  1.6639,  1.6329, -0.1363,  1.2871,
         -1.3204,  0.8934,  0.1005, -0.9651, -1.9312, -0.3777, -1.7007,  2.1344,
         -1.9548, -1.0383,  0.6212, -0.8274, -0.7361,  1.1270,  1.1516,  0.7054]],
       device='cuda:0', grad_fn=<AddBackward0>), 'difficulty_scalar': tensor(0.4690, device='cuda:0', grad_fn=<SqueezeBackward0>), 'mu': tensor([[-0.4231, -0.3305, -0.1912,  0.1912, -0.1067,  0.3744, -0.0694,  0.1311,
          0.1843, -0.2308, -0.3631,  0.2406, -0.1127, -0.0048, -0.1861,  0.2526,
         -0.0600,  0.1191,  0.1610,  0.1426, -0.0907, -0.1486,  0.3568,  0.2154,
          0.0905,  0.0780,  0.3127, -0.1763,  0.1714, -0.2789,  0.4288, -0.3235]],
       device='cuda:0', grad_fn=<AddmmBackward0>), 'logvar': tensor([[-0.2192, -0.0688, -0.2936,  0.1471, -0.3153,  0.2549, -0.0289,  0.0669,
         -0.0475, -0.2298, -0.0317, -0.3347,  0.1025,  0.0005, -0.3142, -0.0912,
         -0.1573,  0.2029,  0.1584,  0.1207, -0.1335, -0.3025, -0.1434, -0.0286,
         -0.2842,  0.2084, -0.2059, -0.0462,  0.1314,  0.1411,  0.2342, -0.0393]],
       device='cuda:0', grad_fn=<AddmmBackward0>), 'is_solved': 1}"
"
def special_factorial(n):
    """"""The Brazilian factorial is defined as:
    brazilian_factorial(n) = n! * (n-1)! * (n-2)! * ... * 1!
    where n > 0

    For example:
    >>> special_factorial(4)
    288

    The function will receive an integer as input and should return the special
    factorial of this integer.
    """"""
","import math
def special_factorial(n):
    """"""The Brazilian factorial is defined as:
    brazilian_factorial(n) = n! * (n-1)! * (n-2)! * ... * 1!
    where n > 0

    For example:
    >>> special_factorial(4)
    288

    The function will receive an integer as input and should return the special
    factorial of this integer.
    """"""
    result = 1
    for i in range(1, n + 1):
        result *= math.factorial(i)
    return result","The solution passed all test cases.
Correct Solution:
def special_factorial(params you should put here):

    fact_i = 1
    special_fact = 1
    for i in range(1, n+1):
        fact_i *= i
        special_fact *= fact_i
    return special_fact
",1.0,"tensor(-14.2021, device='cuda:0', grad_fn=<AddBackward0>)","{'z_difficulty': tensor([[-1.0946,  0.5866, -0.7287, -0.8442, -0.7575, -1.1521, -1.0381,  0.2339,
          0.0650, -0.7513,  1.0858, -0.3880,  0.5577, -1.2790, -0.1009,  0.5342,
          0.9648, -0.7018, -0.9720,  0.5959,  0.6574, -0.8025, -0.1311, -0.9559,
         -0.8405,  0.3765,  0.6326,  1.1137, -0.6281,  0.6410, -0.8586, -1.7060]],
       device='cuda:0', grad_fn=<AddBackward0>), 'difficulty_scalar': tensor(0.5205, device='cuda:0', grad_fn=<SqueezeBackward0>), 'mu': tensor([[-0.3272, -0.3013, -0.1583,  0.1456, -0.0428,  0.1613, -0.0622,  0.1655,
          0.1969, -0.1381, -0.2951,  0.2363,  0.0207,  0.0127, -0.1740,  0.2882,
         -0.0087, -0.0133,  0.0626,  0.0670,  0.0538, -0.1762,  0.3457,  0.2512,
          0.0819,  0.1678,  0.2530, -0.0760,  0.1250, -0.3362,  0.3275, -0.3486]],
       device='cuda:0', grad_fn=<AddmmBackward0>), 'logvar': tensor([[-0.0719,  0.0409, -0.3169,  0.0296, -0.2403,  0.1569,  0.0773, -0.0488,
         -0.1678, -0.1729, -0.0769, -0.2811,  0.0124, -0.1306, -0.2799, -0.1804,
         -0.1041,  0.1666,  0.2160,  0.0222, -0.1014, -0.2151, -0.1738,  0.0827,
         -0.2651,  0.3071, -0.1784, -0.1093,  0.0751,  0.2083,  0.2451, -0.0576]],
       device='cuda:0', grad_fn=<AddmmBackward0>), 'is_solved': 1}"
"
def hex_key(num):
    """"""You have been tasked to write a function that receives 
    a hexadecimal number as a string and counts the number of hexadecimal 
    digits that are primes (prime number, or a prime, is a natural number 
    greater than 1 that is not a product of two smaller natural numbers).
    Hexadecimal digits are 0, 1, 2, 3, 4, 5, 6, 7, 8, 9, A, B, C, D, E, F.
    Prime numbers are 2, 3, 5, 7, 11, 13, 17,...
    So you have to determine a number of the following digits: 2, 3, 5, 7, 
    B (=decimal 11), D (=decimal 13).
    Note: you may assume the input is always correct or empty string, 
    and symbols A,B,C,D,E,F are always uppercase.
    Examples:
    For num = ""AB"" the output should be 1.
    For num = ""1077E"" the output should be 2.
    For num = ""ABED1A33"" the output should be 4.
    For num = ""123456789ABCDEF0"" the output should be 6.
    For num = ""2020"" the output should be 2.
    """"""
","def hex_key(num):
    """"""
    Count the number of prime hexadecimal digits in the given string.
    
    Args:
    num (str): A string representing a hexadecimal number.
    
    Returns:
    int: The count of prime hexadecimal digits in the input string.
    """"""
    # Define the set of prime hexadecimal digits
    prime_hex_digits = {'2', '3', '5', '7', 'B', 'D'}
    
    # Initialize a counter for prime digits
    count = 0
    
    # Iterate through each character in the input string
    for char in num:
        # Check if the character is in the set of prime hexadecimal digits
        if char in prime_hex_digits:
            count += 1
            
    return count","The solution passed all test cases.
Correct Solution:
def hex_key(params you should put here):

    primes = ('2', '3', '5', '7', 'B', 'D')
    total = 0
    for i in range(0, len(num)):
        if num[i] in primes:
            total += 1
    return total
",1.0,"tensor(-7.0305, device='cuda:0', grad_fn=<AddBackward0>)","{'z_difficulty': tensor([[ 0.2885, -0.5165, -1.1093,  0.0699, -1.0586, -1.5933, -0.4159, -0.6618,
         -0.0363, -0.2390, -1.0056, -1.2146, -1.0878,  0.9516, -0.4653, -0.8142,
          0.6229, -0.2016, -0.0934,  0.1063, -0.4291, -0.6897,  1.4677,  0.2724,
         -0.8640, -0.4082,  1.3623,  0.2818,  0.3158, -0.2376, -0.6246, -1.3112]],
       device='cuda:0', grad_fn=<AddBackward0>), 'difficulty_scalar': tensor(0.4996, device='cuda:0', grad_fn=<SqueezeBackward0>), 'mu': tensor([[-0.4722, -0.4262, -0.1693,  0.1813, -0.1153,  0.3405, -0.1289,  0.1531,
          0.2403, -0.2419, -0.4503,  0.2768, -0.0940,  0.1190, -0.2337,  0.2808,
          0.0180,  0.1221,  0.1762,  0.1411, -0.1127, -0.2039,  0.4813,  0.2660,
          0.0287,  0.1715,  0.3252, -0.1516,  0.1654, -0.3774,  0.4569, -0.3424]],
       device='cuda:0', grad_fn=<AddmmBackward0>), 'logvar': tensor([[-0.2552,  0.0671, -0.3901,  0.0487, -0.3318,  0.2257,  0.0202, -0.0503,
         -0.0683, -0.1886, -0.1324, -0.3942,  0.1028, -0.1152, -0.3296, -0.1449,
         -0.1339,  0.2233,  0.3218,  0.1077, -0.1363, -0.3498, -0.2190, -0.0265,
         -0.4056,  0.3212, -0.2920, -0.0538,  0.1664,  0.2428,  0.2552, -0.0847]],
       device='cuda:0', grad_fn=<AddmmBackward0>), 'is_solved': 1}"
"

def sum_to_n(n: int):
    """"""sum_to_n is a function that sums numbers from 1 to n.
    >>> sum_to_n(30)
    465
    >>> sum_to_n(100)
    5050
    >>> sum_to_n(5)
    15
    >>> sum_to_n(10)
    55
    >>> sum_to_n(1)
    1
    """"""
","def sum_to_n(n: int) -> int:
    """"""sum_to_n is a function that sums numbers from 1 to n.
    >>> sum_to_n(30)
    465
    >>> sum_to_n(100)
    5050
    >>> sum_to_n(5)
    15
    >>> sum_to_n(10)
    55
    >>> sum_to_n(1)
    1
    """"""
    return n * (n + 1) // 2","The solution passed all test cases.
Correct Solution:
def sum_to_n(params you should put here):

    return sum(range(n + 1))
",1.0,"tensor(-5.8552, device='cuda:0', grad_fn=<AddBackward0>)","{'z_difficulty': tensor([[-0.9818,  0.1430, -0.8095, -1.1953,  1.2415, -0.2129, -0.3417,  1.1645,
          0.1926,  0.4137, -1.1788,  0.1969,  0.1997,  0.7548,  0.2766, -0.2340,
         -1.1757,  2.3367,  2.4212, -0.7141, -1.2885, -0.8139,  0.1320,  1.8021,
         -0.1513, -1.4748,  0.5427, -1.1717,  1.1595,  0.6252,  2.0579, -0.6153]],
       device='cuda:0', grad_fn=<AddBackward0>), 'difficulty_scalar': tensor(0.4685, device='cuda:0', grad_fn=<SqueezeBackward0>), 'mu': tensor([[-0.4730, -0.4516, -0.3020,  0.2506,  0.0197,  0.3422, -0.0596,  0.2761,
          0.2875, -0.2828, -0.4813,  0.3800, -0.0248,  0.0439, -0.2350,  0.4014,
         -0.0936,  0.0420,  0.1332,  0.2564, -0.0630, -0.1118,  0.4207,  0.4275,
          0.1539,  0.1773,  0.3528, -0.0781,  0.1890, -0.4208,  0.4383, -0.4187]],
       device='cuda:0', grad_fn=<AddmmBackward0>), 'logvar': tensor([[-1.9422e-01,  1.1754e-01, -4.3496e-01,  1.2114e-01, -3.3454e-01,
          2.6585e-01,  4.8648e-02,  1.9618e-04, -1.6198e-01, -1.9253e-01,
          1.2028e-02, -3.7824e-01,  1.0063e-02, -8.6146e-02, -2.6866e-01,
         -2.3037e-01, -2.7154e-01,  2.3124e-01,  1.8058e-01,  1.6949e-01,
         -8.9636e-02, -3.5535e-01, -1.5798e-01,  1.0103e-01, -3.8153e-01,
          3.3491e-01, -2.5972e-01, -2.1490e-01, -2.2980e-02,  2.3509e-01,
          2.4584e-01, -4.9588e-02]], device='cuda:0', grad_fn=<AddmmBackward0>), 'is_solved': 1}"
